Format Version,1.23,Take Name,Take 2024-02-05 01.13.09 PM_001,Take Notes,,Capture Frame Rate,60.000000,Export Frame Rate,60.000000,Capture Start Time,2024-02-22 11.08.43.192 AM,Capture Start Frame,355328,Total Frames in Take,293,Total Exported Frames,293,Rotation Type,Quaternion,Length Units,Meters,Coordinate Space,Global

,Type,Marker,Marker,Marker,Marker,Marker,Marker,Marker,Marker,Marker,Marker,Marker,Marker,Marker,Marker,Marker,Marker,Marker,Marker,Marker,Marker,Marker,Marker,Marker,Marker,Marker,Marker,Marker,Marker,Marker,Marker
,Name,ROSbot_Coco:Marker1,ROSbot_Coco:Marker1,ROSbot_Coco:Marker1,ROSbot_Coco:Marker2,ROSbot_Coco:Marker2,ROSbot_Coco:Marker2,ROSbot_Coco:Marker4,ROSbot_Coco:Marker4,ROSbot_Coco:Marker4,Unlabeled 3933,Unlabeled 3933,Unlabeled 3933,Unlabeled 3934,Unlabeled 3934,Unlabeled 3934,Unlabeled 3935,Unlabeled 3935,Unlabeled 3935,Unlabeled 3936,Unlabeled 3936,Unlabeled 3936,Unlabeled 3937,Unlabeled 3937,Unlabeled 3937,Unlabeled 3938,Unlabeled 3938,Unlabeled 3938,Unlabeled 3939,Unlabeled 3939,Unlabeled 3939
,ID,"D88F0","D88F0","D88F0","D8320","D8320","D8320","D82F0","D82F0","D82F0","D6C70","D6C70","D6C70","D6EC0","D6EC0","D6EC0","D8730","D8730","D8730","D8760","D8760","D8760","D88C0","D88C0","D88C0","D8BB0","D8BB0","D8BB0","D8BC0","D8BC0","D8BC0"
,,Position,Position,Position,Position,Position,Position,Position,Position,Position,Position,Position,Position,Position,Position,Position,Position,Position,Position,Position,Position,Position,Position,Position,Position,Position,Position,Position,Position,Position,Position
Frame,Time (Seconds),X,Y,Z,X,Y,Z,X,Y,Z,X,Y,Z,X,Y,Z,X,Y,Z,X,Y,Z,X,Y,Z,X,Y,Z,X,Y,Z
0,0.000000,4.318993,-0.048097,3.145406,4.474947,-0.049358,3.157049,4.346101,-0.046853,2.979962,4.269740,-0.047252,3.073351,4.272065,-0.047656,3.129629,0.010165,-0.000093,0.010095,0.310208,-0.000272,0.011084,0.009797,-0.000503,0.410435,4.431551,-0.042814,3.465615,4.507588,-0.049265,3.062994
1,0.016667,4.318985,-0.048134,3.145418,4.474960,-0.049361,3.157043,4.346115,-0.046851,2.979945,4.269737,-0.047243,3.073353,4.272085,-0.047669,3.129636,0.010139,-0.000111,0.010097,0.310227,-0.000272,0.011078,0.009829,-0.000485,0.410437,4.431545,-0.042824,3.465619,4.507575,-0.049280,3.062992
2,0.033333,4.319007,-0.048109,3.145415,4.474952,-0.049367,3.157038,4.346109,-0.046867,2.979957,4.269740,-0.047237,3.073351,4.272078,-0.047662,3.129629,0.010534,0.000618,0.010362,0.310198,-0.000261,0.011038,0.009797,-0.000478,0.410421,4.431551,-0.042818,3.465618,4.507585,-0.049272,3.062993
3,0.050000,4.318992,-0.048091,3.145411,4.474946,-0.049350,3.157037,4.346107,-0.046840,2.979948,4.269745,-0.047241,3.073346,4.272069,-0.047665,3.129641,0.010532,0.000620,0.010374,0.310194,-0.000247,0.011061,0.009786,-0.000473,0.410420,4.431563,-0.042825,3.465614,4.507606,-0.049267,3.063001
4,0.066667,4.318989,-0.048101,3.145429,4.474961,-0.049367,3.157032,4.346110,-0.046846,2.979959,4.269744,-0.047239,3.073338,4.272081,-0.047663,3.129622,0.010181,-0.000069,0.010101,0.310204,-0.000319,0.011034,0.009770,-0.000509,0.410363,4.431569,-0.042818,3.465621,4.507597,-0.049281,3.063004
5,0.083333,4.318991,-0.048098,3.145418,4.474964,-0.049359,3.157020,4.346110,-0.046841,2.979945,4.269750,-0.047254,3.073346,4.272064,-0.047666,3.129621,0.010199,-0.000059,0.010139,0.310226,-0.000252,0.011079,0.009790,-0.000519,0.410399,4.431562,-0.042803,3.465603,4.507586,-0.049273,3.063012
6,0.100000,4.318985,-0.048100,3.145406,4.474950,-0.049341,3.157032,4.346105,-0.046839,2.979955,4.269729,-0.047246,3.073350,4.272074,-0.047662,3.129640,0.010216,-0.000086,0.010109,0.310185,-0.000264,0.011045,0.009770,-0.000509,0.410435,4.431571,-0.042817,3.465591,4.507581,-0.049250,3.063003
7,0.116667,4.318981,-0.048096,3.145436,4.474953,-0.049347,3.157034,4.346107,-0.046829,2.979953,4.269733,-0.047240,3.073345,4.272070,-0.047645,3.129618,0.010507,0.000631,0.010375,0.310126,-0.000299,0.011021,0.009802,-0.000494,0.410386,4.431551,-0.042805,3.465606,4.507582,-0.049267,3.063003
8,0.133333,4.318995,-0.048108,3.145427,4.474946,-0.049352,3.157029,4.346094,-0.046856,2.979948,4.269727,-0.047251,3.073347,4.272062,-0.047647,3.129644,0.010590,0.000669,0.010412,0.310159,-0.000300,0.011061,0.009823,-0.000462,0.410422,4.431567,-0.042823,3.465603,4.507579,-0.049269,3.063011
9,0.150000,4.318973,-0.048094,3.145425,4.474930,-0.049346,3.157035,4.346111,-0.046843,2.979961,4.269748,-0.047257,3.073352,4.272074,-0.047650,3.129638,0.010497,0.000590,0.010363,0.310200,-0.000262,0.011025,0.009812,-0.000503,0.410408,4.431556,-0.042813,3.465608,4.507589,-0.049269,3.063004
10,0.166667,4.318987,-0.048103,3.145421,4.474952,-0.049359,3.157026,4.346100,-0.046846,2.979945,4.269744,-0.047267,3.073340,4.272069,-0.047645,3.129617,0.010184,-0.000065,0.010125,0.310184,-0.000301,0.011060,0.009777,-0.000483,0.410398,4.431553,-0.042800,3.465610,4.507589,-0.049254,3.062976
11,0.183333,4.318995,-0.048091,3.145417,4.474941,-0.049344,3.157017,4.346098,-0.046836,2.979951,4.269741,-0.047251,3.073346,4.272093,-0.047658,3.129619,0.010311,0.000181,0.009976,0.310187,-0.000313,0.011038,0.009796,-0.000487,0.410378,4.431563,-0.042810,3.465610,4.507582,-0.049272,3.062993
12,0.200000,4.318988,-0.048102,3.145432,4.474962,-0.049341,3.157020,4.346107,-0.046831,2.979938,4.269738,-0.047245,3.073345,4.272082,-0.047661,3.129637,0.010526,0.000618,0.010364,0.310183,-0.000280,0.011019,0.009763,-0.000500,0.410348,4.431558,-0.042809,3.465602,4.507576,-0.049266,3.062989
13,0.216667,4.318974,-0.048092,3.145426,4.474951,-0.049344,3.157028,4.346104,-0.046839,2.979956,4.269732,-0.047245,3.073353,4.272077,-0.047644,3.129643,0.010216,-0.000071,0.010144,0.310251,-0.000202,0.011133,0.009789,-0.000506,0.410344,4.431549,-0.042800,3.465608,4.507588,-0.049258,3.062993
14,0.233333,4.318979,-0.048092,3.145430,4.474962,-0.049342,3.157040,4.346112,-0.046823,2.979954,4.269728,-0.047249,3.073350,4.272071,-0.047636,3.129639,0.010151,-0.000096,0.010077,0.310202,-0.000292,0.011066,0.009789,-0.000503,0.410380,4.431546,-0.042802,3.465618,4.507597,-0.049251,3.063007
15,0.250000,4.318987,-0.048101,3.145441,4.474968,-0.049328,3.157043,4.346101,-0.046850,2.979963,4.269739,-0.047248,3.073351,4.272090,-0.047644,3.129647,0.010184,-0.000056,0.010114,0.310216,-0.000310,0.011085,0.009742,-0.000545,0.410368,4.431548,-0.042816,3.465625,4.507596,-0.049264,3.062999
16,0.266667,4.318969,-0.048105,3.145431,4.474967,-0.049340,3.157035,4.346110,-0.046842,2.979933,4.269738,-0.047252,3.073349,4.272068,-0.047637,3.129632,0.010234,-0.000085,0.010159,0.310216,-0.000283,0.011019,0.009817,-0.000499,0.410377,4.431547,-0.042814,3.465615,4.507600,-0.049256,3.063014
17,0.283333,4.318982,-0.048092,3.145428,4.474950,-0.049343,3.157050,4.346118,-0.046843,2.979950,4.269734,-0.047242,3.073348,4.272055,-0.047633,3.129632,0.010593,0.000651,0.010431,0.310189,-0.000257,0.011087,0.009804,-0.000490,0.410429,4.431532,-0.042803,3.465610,4.507586,-0.049269,3.062991
18,0.300000,4.318985,-0.048092,3.145426,4.474950,-0.049338,3.157041,4.346111,-0.046835,2.979929,4.269735,-0.047247,3.073349,4.272070,-0.047650,3.129634,0.010533,0.000622,0.010407,0.310207,-0.000278,0.011078,0.009760,-0.000530,0.410394,4.431548,-0.042831,3.465611,4.507594,-0.049273,3.063009
19,0.316667,4.318990,-0.048106,3.145416,4.474956,-0.049359,3.157023,4.346115,-0.046839,2.979930,4.269738,-0.047252,3.073349,4.272055,-0.047656,3.129627,0.010531,0.000608,0.010391,0.310190,-0.000331,0.011034,0.009817,-0.000501,0.410403,4.431541,-0.042812,3.465610,4.507580,-0.049263,3.062991
20,0.333333,4.318995,-0.048097,3.145416,4.474955,-0.049360,3.157036,4.346117,-0.046861,2.979953,4.269734,-0.047252,3.073359,4.272085,-0.047651,3.129626,0.010192,-0.000090,0.010100,0.310223,-0.000289,0.011077,0.009800,-0.000500,0.410396,4.431543,-0.042796,3.465612,4.507592,-0.049277,3.063013
21,0.350000,4.318992,-0.048108,3.145421,4.474955,-0.049352,3.157025,4.346123,-0.046846,2.979964,4.269741,-0.047256,3.073352,4.272066,-0.047651,3.129631,0.010544,0.000627,0.010406,0.310188,-0.000294,0.011034,0.009827,-0.000532,0.410415,4.431547,-0.042798,3.465626,4.507596,-0.049268,3.062999
22,0.366667,4.318994,-0.048108,3.145421,4.474962,-0.049347,3.157028,4.346114,-0.046829,2.979942,4.269753,-0.047251,3.073347,4.272063,-0.047673,3.129621,0.010555,0.000646,0.010428,0.310186,-0.000295,0.011091,0.009809,-0.000471,0.410430,4.431559,-0.042804,3.465612,4.507595,-0.049269,3.062987
23,0.383333,4.318990,-0.048101,3.145433,4.474946,-0.049354,3.157023,4.346106,-0.046836,2.979949,4.269733,-0.047250,3.073350,4.272080,-0.047667,3.129637,0.010527,0.000607,0.010381,0.310157,-0.000292,0.011005,0.009809,-0.000510,0.410435,4.431551,-0.042817,3.465609,4.507601,-0.049265,3.063007
24,0.400000,4.318989,-0.048104,3.145424,4.474935,-0.049358,3.157035,4.346098,-0.046844,2.979960,4.269740,-0.047262,3.073354,4.272064,-0.047646,3.129639,0.010525,0.000610,0.010374,0.310179,-0.000305,0.011034,0.009817,-0.000512,0.410411,4.431548,-0.042807,3.465605,4.507574,-0.049259,3.063002
25,0.416667,4.318981,-0.048087,3.145419,4.474948,-0.049338,3.157036,4.346116,-0.046827,2.979958,4.269747,-0.047251,3.073337,4.272061,-0.047659,3.129633,0.010191,-0.000121,0.010114,0.310208,-0.000292,0.011067,0.009780,-0.000508,0.410407,4.431551,-0.042807,3.465616,4.507588,-0.049261,3.062990
26,0.433333,4.318999,-0.048081,3.145423,4.474958,-0.049351,3.157027,4.346098,-0.046839,2.979946,4.269746,-0.047229,3.073340,4.272083,-0.047655,3.129640,0.010231,-0.000077,0.010125,0.310238,-0.000274,0.011071,0.009775,-0.000536,0.410401,4.431553,-0.042829,3.465609,4.507577,-0.049251,3.063008
27,0.450000,4.318991,-0.048100,3.145418,4.474941,-0.049332,3.157027,4.346107,-0.046833,2.979944,4.269732,-0.047237,3.073335,4.272075,-0.047660,3.129637,0.010516,0.000615,0.010372,0.310206,-0.000311,0.011080,0.009778,-0.000499,0.410426,4.431550,-0.042805,3.465611,4.507589,-0.049257,3.063008
28,0.466667,4.318995,-0.048089,3.145422,4.474936,-0.049346,3.157039,4.346105,-0.046836,2.979943,4.269739,-0.047247,3.073355,4.272066,-0.047658,3.129636,0.010192,-0.000083,0.010104,0.310175,-0.000275,0.011078,0.009851,-0.000480,0.410455,4.431557,-0.042804,3.465607,4.507575,-0.049253,3.063009
29,0.483333,4.318974,-0.048076,3.145427,4.474935,-0.049335,3.157032,4.346102,-0.046833,2.979972,4.269741,-0.047236,3.073344,4.272060,-0.047650,3.129646,0.010535,0.000624,0.010392,0.310242,-0.000284,0.011067,0.009807,-0.000519,0.410436,4.431561,-0.042803,3.465597,4.507573,-0.049261,3.063006
30,0.500000,4.319000,-0.048099,3.145428,4.474944,-0.049341,3.157031,4.346111,-0.046844,2.979947,4.269727,-0.047241,3.073348,4.272069,-0.047645,3.129635,0.010603,0.000642,0.010443,0.310195,-0.000287,0.011057,0.009793,-0.000522,0.410401,4.431545,-0.042807,3.465617,4.507592,-0.049259,3.062998
31,0.516667,4.318977,-0.048088,3.145433,4.474966,-0.049342,3.157041,4.346097,-0.046826,2.979965,4.269724,-0.047254,3.073349,4.272065,-0.047661,3.129629,0.010579,0.000653,0.010417,0.310191,-0.000260,0.011052,0.009814,-0.000496,0.410422,4.431546,-0.042803,3.465612,4.507586,-0.049254,3.063006
32,0.533333,4.318995,-0.048092,3.145421,4.474956,-0.049345,3.157043,4.346105,-0.046840,2.979959,4.269733,-0.047233,3.073345,4.272071,-0.047656,3.129622,0.010230,-0.000087,0.010144,0.310168,-0.000326,0.011050,0.009808,-0.000511,0.410417,4.431550,-0.042805,3.465616,4.507580,-0.049257,3.063015
33,0.550000,4.318995,-0.048090,3.145426,4.474949,-0.049331,3.157047,4.346106,-0.046827,2.979954,4.269742,-0.047260,3.073340,4.272058,-0.047633,3.129623,0.010128,-0.000151,0.010072,0.310201,-0.000274,0.011061,0.009813,-0.000498,0.410400,4.431543,-0.042807,3.465611,4.507574,-0.049250,3.062991
34,0.566667,4.318974,-0.048077,3.145413,4.474948,-0.049344,3.157034,4.346115,-0.046842,2.979957,4.269750,-0.047248,3.073354,4.272063,-0.047647,3.129644,0.010363,0.000341,0.010474,0.310139,-0.000324,0.010978,0.009818,-0.000517,0.410425,4.431561,-0.042806,3.465596,4.507591,-0.049257,3.063014
35,0.583333,4.318991,-0.048078,3.145413,4.474949,-0.049341,3.157037,4.346095,-0.046846,2.979958,4.269736,-0.047257,3.073342,4.272054,-0.047633,3.129629,0.010199,-0.000057,0.010123,0.310191,-0.000238,0.011050,0.009796,-0.000505,0.410389,4.431552,-0.042815,3.465617,4.507585,-0.049249,3.062991
36,0.600000,4.318993,-0.048094,3.145424,4.474951,-0.049345,3.157031,4.346097,-0.046832,2.979952,4.269729,-0.047267,3.073346,4.272082,-0.047667,3.129635,0.010214,-0.000102,0.010111,0.310151,-0.000274,0.011071,0.009838,-0.000506,0.410436,4.431561,-0.042814,3.465602,4.507581,-0.049270,3.063002
37,0.616667,4.318997,-0.048097,3.145407,4.474947,-0.049361,3.157029,4.346111,-0.046850,2.979965,4.269736,-0.047235,3.073354,4.272053,-0.047645,3.129632,0.010491,0.000598,0.010373,0.310243,-0.000224,0.011125,0.010098,-0.000166,0.410432,4.431543,-0.042806,3.465624,4.507586,-0.049248,3.063004
38,0.633333,4.318998,-0.048091,3.145422,4.474944,-0.049339,3.157042,4.346110,-0.046841,2.979959,4.269744,-0.047247,3.073351,4.272078,-0.047642,3.129632,0.010141,-0.000118,0.010077,0.310228,-0.000279,0.011060,0.009783,-0.000499,0.410403,4.431545,-0.042820,3.465611,4.507588,-0.049256,3.063008
39,0.650000,4.318991,-0.048101,3.145417,4.474936,-0.049347,3.157048,4.346108,-0.046855,2.979961,4.269735,-0.047254,3.073368,4.272076,-0.047647,3.129634,0.010188,-0.000092,0.010107,0.310167,-0.000299,0.011029,0.009782,-0.000517,0.410379,4.431537,-0.042803,3.465611,4.507586,-0.049270,3.063004
40,0.666667,4.319001,-0.048088,3.145432,4.474945,-0.049347,3.157038,4.346108,-0.046830,2.979956,4.269757,-0.047254,3.073356,4.272092,-0.047666,3.129626,0.010226,-0.000069,0.010096,0.310181,-0.000281,0.011019,0.009781,-0.000522,0.410388,4.431546,-0.042805,3.465617,4.507596,-0.049253,3.062994
41,0.683333,4.319013,-0.048095,3.145424,4.474946,-0.049344,3.157035,4.346107,-0.046859,2.979959,4.269744,-0.047257,3.073352,4.272092,-0.047666,3.129637,0.010161,-0.000094,0.010075,0.310174,-0.000326,0.011019,0.009800,-0.000496,0.410398,4.431569,-0.042816,3.465606,4.507595,-0.049263,3.063006
42,0.700000,4.318991,-0.048096,3.145423,4.474954,-0.049361,3.157042,4.346109,-0.046821,2.979948,4.269729,-0.047258,3.073342,4.272071,-0.047656,3.129634,0.010537,0.000647,0.010387,0.310212,-0.000275,0.011079,0.009773,-0.000526,0.410408,4.431550,-0.042818,3.465620,4.507579,-0.049254,3.063004
43,0.716667,4.318989,-0.048108,3.145422,4.474958,-0.049362,3.157050,4.346109,-0.046836,2.979941,4.269740,-0.047264,3.073348,4.272075,-0.047645,3.129640,0.010184,-0.000110,0.010103,0.310212,-0.000302,0.011037,0.009775,-0.000514,0.410415,4.431547,-0.042808,3.465622,4.507578,-0.049267,3.062997
44,0.733333,4.318983,-0.048107,3.145430,4.474954,-0.049337,3.157060,4.346112,-0.046830,2.979952,4.269740,-0.047248,3.073350,4.272080,-0.047670,3.129644,0.010211,-0.000083,0.010108,0.310162,-0.000300,0.011060,0.009810,-0.000493,0.410419,4.431557,-0.042815,3.465622,4.507582,-0.049252,3.063021
45,0.750000,4.318997,-0.048099,3.145422,4.474952,-0.049349,3.157041,4.346107,-0.046848,2.979956,4.269732,-0.047260,3.073358,4.272071,-0.047663,3.129634,0.010378,0.000313,0.010441,0.310166,-0.000309,0.011065,0.009768,-0.000482,0.410396,4.431544,-0.042817,3.465614,4.507589,-0.049256,3.063013
46,0.766667,4.318983,-0.048114,3.145438,4.474946,-0.049351,3.157035,4.346106,-0.046843,2.979950,4.269739,-0.047264,3.073342,4.272067,-0.047648,3.129646,0.010163,-0.000113,0.010084,0.310184,-0.000279,0.011038,0.009805,-0.000472,0.410366,4.431552,-0.042812,3.465620,4.507580,-0.049266,3.063005
47,0.783333,4.318988,-0.048108,3.145431,4.474955,-0.049356,3.157040,4.346114,-0.046836,2.979956,4.269742,-0.047269,3.073367,4.272096,-0.047668,3.129636,0.010580,0.000612,0.010395,0.310226,-0.000279,0.011073,0.009829,-0.000475,0.410422,4.431544,-0.042820,3.465614,4.507585,-0.049259,3.063014
48,0.800000,4.318992,-0.048103,3.145433,4.474942,-0.049353,3.157039,4.346104,-0.046833,2.979961,4.269743,-0.047240,3.073362,4.272068,-0.047672,3.129645,0.010224,-0.000087,0.010104,0.310227,-0.000225,0.011091,0.009811,-0.000527,0.410367,4.431554,-0.042813,3.465614,4.507578,-0.049278,3.063003
49,0.816667,4.318992,-0.048086,3.145437,4.474955,-0.049358,3.157040,4.346101,-0.046860,2.979954,4.269737,-0.047258,3.073355,4.272087,-0.047637,3.129644,0.010155,-0.000100,0.010077,0.310243,-0.000227,0.011104,0.009801,-0.000497,0.410422,4.431553,-0.042811,3.465604,4.507595,-0.049251,3.062996
50,0.833333,4.319001,-0.048082,3.145424,4.474942,-0.049342,3.157047,4.346100,-0.046859,2.979964,4.269731,-0.047256,3.073347,4.272063,-0.047657,3.129634,0.010514,0.000626,0.010385,0.310205,-0.000269,0.011083,0.009808,-0.000482,0.410394,4.431555,-0.042810,3.465607,4.507590,-0.049275,3.063005
51,0.850000,4.318991,-0.048105,3.145423,4.474955,-0.049351,3.157033,4.346111,-0.046856,2.979959,4.269743,-0.047241,3.073355,4.272079,-0.047650,3.129636,0.010151,-0.000112,0.010067,0.310163,-0.000337,0.011010,0.009814,-0.000487,0.410396,4.431544,-0.042827,3.465617,4.507595,-0.049260,3.062996
52,0.866667,4.318991,-0.048104,3.145417,4.474947,-0.049352,3.157048,4.346122,-0.046851,2.979964,4.269731,-0.047265,3.073346,4.272071,-0.047648,3.129637,0.010205,-0.000042,0.010136,0.310170,-0.000272,0.011079,0.009797,-0.000490,0.410391,4.431551,-0.042798,3.465616,4.507587,-0.049256,3.063014
53,0.883333,4.318993,-0.048097,3.145427,4.474941,-0.049357,3.157049,4.346113,-0.046850,2.979950,4.269749,-0.047266,3.073364,4.272089,-0.047678,3.129638,0.010539,0.000592,0.010405,0.310203,-0.000291,0.011076,0.010135,-0.000127,0.410425,4.431545,-0.042822,3.465619,4.507586,-0.049256,3.063001
54,0.900000,4.318997,-0.048108,3.145430,4.474948,-0.049360,3.157038,4.346117,-0.046844,2.979937,4.269737,-0.047259,3.073355,4.272080,-0.047671,3.129632,0.010185,-0.000095,0.010111,0.310193,-0.000289,0.011023,0.009799,-0.000500,0.410402,4.431541,-0.042820,3.465621,4.507584,-0.049255,3.063016
55,0.916667,4.318982,-0.048107,3.145442,4.474945,-0.049358,3.157049,4.346102,-0.046837,2.979953,4.269739,-0.047274,3.073347,4.272072,-0.047634,3.129620,0.010170,-0.000120,0.010086,0.310181,-0.000284,0.011046,0.009820,-0.000468,0.410404,4.431538,-0.042820,3.465613,4.507573,-0.049269,3.063000
56,0.933333,4.318984,-0.048112,3.145416,4.474950,-0.049355,3.157032,4.346098,-0.046836,2.979956,4.269745,-0.047242,3.073344,4.272063,-0.047648,3.129637,0.010200,-0.000100,0.010097,0.310187,-0.000274,0.011070,0.010130,-0.000159,0.410451,4.431545,-0.042816,3.465603,4.507592,-0.049254,3.062999
57,0.950000,4.318987,-0.048106,3.145416,4.474928,-0.049362,3.157038,4.346093,-0.046845,2.979965,4.269737,-0.047258,3.073357,4.272065,-0.047649,3.129630,0.010533,0.000636,0.010391,0.310166,-0.000279,0.011068,0.009792,-0.000482,0.410381,4.431547,-0.042812,3.465603,4.507576,-0.049265,3.063011
58,0.966667,4.318995,-0.048104,3.145413,4.474946,-0.049359,3.157035,4.346101,-0.046848,2.979953,4.269754,-0.047255,3.073362,4.272069,-0.047645,3.129622,0.010115,-0.000113,0.010064,0.310192,-0.000302,0.011064,0.010158,-0.000129,0.410460,4.431550,-0.042810,3.465613,4.507583,-0.049251,3.063006
59,0.983333,4.318982,-0.048116,3.145422,4.474960,-0.049342,3.157017,4.346114,-0.046836,2.979951,4.269729,-0.047263,3.073360,4.272062,-0.047660,3.129638,0.010148,-0.000123,0.010085,0.310199,-0.000277,0.011079,0.009803,-0.000494,0.410377,4.431541,-0.042793,3.465601,4.507592,-0.049265,3.063012
60,1.000000,4.318988,-0.048093,3.145422,4.474942,-0.049346,3.157032,4.346104,-0.046834,2.979951,4.269749,-0.047237,3.073348,4.272068,-0.047651,3.129626,0.010190,-0.000093,0.010122,0.310189,-0.000296,0.011026,0.009786,-0.000497,0.410376,4.431544,-0.042824,3.465612,4.507607,-0.049257,3.062990
61,1.016667,4.318994,-0.048091,3.145419,4.474934,-0.049362,3.157029,4.346099,-0.046838,2.979949,4.269732,-0.047268,3.073352,4.272087,-0.047660,3.129643,0.010190,-0.000086,0.010114,0.310208,-0.000275,0.011077,0.009788,-0.000517,0.410378,4.431558,-0.042816,3.465608,4.507588,-0.049257,3.063007
62,1.033333,4.318977,-0.048104,3.145426,4.474954,-0.049351,3.157033,4.346113,-0.046832,2.979946,4.269737,-0.047258,3.073331,4.272069,-0.047656,3.129614,0.010176,-0.000121,0.010071,0.310229,-0.000259,0.011089,0.009790,-0.000517,0.410370,4.431555,-0.042813,3.465602,4.507587,-0.049263,3.062996
63,1.050000,4.318994,-0.048113,3.145414,4.474944,-0.049338,3.157026,4.346104,-0.046840,2.979946,4.269739,-0.047243,3.073352,4.272074,-0.047668,3.129622,0.010176,-0.000096,0.010087,0.310186,-0.000290,0.011085,0.009777,-0.000534,0.410370,4.431570,-0.042818,3.465621,4.507592,-0.049261,3.063005
64,1.066667,4.319004,-0.048102,3.145426,4.474954,-0.049342,3.157040,4.346112,-0.046845,2.979954,4.269748,-0.047234,3.073341,4.272084,-0.047676,3.129615,0.010163,-0.000107,0.010094,0.310213,-0.000287,0.011035,0.009809,-0.000483,0.410407,4.431570,-0.042814,3.465614,4.507585,-0.049267,3.063002
65,1.083333,4.318988,-0.048101,3.145427,4.474954,-0.049353,3.157014,4.346122,-0.046823,2.979952,4.269734,-0.047261,3.073333,4.272073,-0.047651,3.129623,0.010162,-0.000065,0.010103,0.310221,-0.000244,0.011091,0.009796,-0.000515,0.410377,4.431547,-0.042809,3.465611,4.507580,-0.049267,3.063002
66,1.100000,4.318991,-0.048092,3.145428,4.474949,-0.049343,3.157027,4.346117,-0.046833,2.979956,4.269733,-0.047245,3.073345,4.272085,-0.047667,3.129634,0.010222,-0.000061,0.010154,0.310203,-0.000294,0.011063,0.009821,-0.000485,0.410378,4.431553,-0.042811,3.465607,4.507586,-0.049262,3.063007
67,1.116667,4.318974,-0.048094,3.145419,4.474949,-0.049348,3.157038,4.346127,-0.046852,2.979950,4.269743,-0.047240,3.073344,4.272079,-0.047658,3.129632,0.010577,0.000651,0.010375,0.310202,-0.000264,0.011081,0.009819,-0.000475,0.410381,4.431570,-0.042820,3.465616,4.507572,-0.049254,3.063013
68,1.133333,4.318970,-0.048108,3.145428,4.474957,-0.049362,3.157039,4.346113,-0.046847,2.979964,4.269736,-0.047266,3.073367,4.272074,-0.047662,3.129639,0.010188,-0.000093,0.010072,0.310212,-0.000251,0.011092,0.009830,-0.000484,0.410411,4.431561,-0.042829,3.465607,4.507576,-0.049281,3.063021
69,1.150000,4.318988,-0.048109,3.145417,4.474968,-0.049330,3.157037,4.346096,-0.046841,2.979963,4.269739,-0.047250,3.073365,4.272078,-0.047663,3.129645,0.010208,-0.000059,0.010154,0.310219,-0.000244,0.011068,0.009802,-0.000475,0.410395,4.431557,-0.042821,3.465615,4.507589,-0.049267,3.063010
70,1.166667,4.318976,-0.048115,3.145424,4.474943,-0.049358,3.157043,4.346103,-0.046837,2.979959,4.269743,-0.047268,3.073366,4.272070,-0.047670,3.129644,0.010157,-0.000107,0.010106,0.310185,-0.000253,0.011026,0.009764,-0.000486,0.410359,4.431548,-0.042796,3.465611,4.507579,-0.049271,3.063022
71,1.183333,4.318990,-0.048104,3.145429,4.474939,-0.049355,3.157049,4.346103,-0.046839,2.979960,4.269745,-0.047254,3.073365,4.272074,-0.047654,3.129642,0.010165,-0.000101,0.010140,0.310222,-0.000228,0.011073,0.009758,-0.000534,0.410367,4.431551,-0.042813,3.465627,4.507578,-0.049258,3.063019
72,1.200000,4.318981,-0.048100,3.145422,4.474957,-0.049343,3.157038,4.346113,-0.046855,2.979974,4.269726,-0.047256,3.073355,4.272063,-0.047651,3.129639,0.010230,-0.000063,0.010172,0.310216,-0.000247,0.011074,0.009795,-0.000517,0.410385,4.431551,-0.042819,3.465624,4.507570,-0.049246,3.063013
73,1.216667,4.318990,-0.048098,3.145432,4.474930,-0.049329,3.157048,4.346112,-0.046827,2.979972,4.269732,-0.047258,3.073355,4.272072,-0.047652,3.129637,0.010153,-0.000106,0.010108,0.310119,-0.000035,0.010795,0.009820,-0.000505,0.410392,4.431548,-0.042809,3.465623,4.507580,-0.049249,3.063018
74,1.233333,4.319000,-0.048089,3.145426,4.474949,-0.049344,3.157055,4.346110,-0.046843,2.979960,4.269732,-0.047235,3.073364,4.272072,-0.047655,3.129649,0.010139,-0.000100,0.010118,0.310233,-0.000255,0.011072,0.009804,-0.000478,0.410421,4.431549,-0.042815,3.465620,4.507580,-0.049256,3.062998
75,1.250000,4.318989,-0.048091,3.145427,4.474960,-0.049362,3.157046,4.346102,-0.046839,2.979963,4.269721,-0.047245,3.073361,4.272059,-0.047658,3.129639,0.010416,0.000335,0.010498,0.310187,-0.000289,0.011071,0.009810,-0.000504,0.410423,4.431552,-0.042804,3.465627,4.507591,-0.049269,3.063012
76,1.266667,4.318979,-0.048101,3.145427,4.474951,-0.049339,3.157047,4.346101,-0.046845,2.979966,4.269734,-0.047255,3.073366,4.272072,-0.047649,3.129646,0.010546,0.000627,0.010381,0.310186,-0.000271,0.011113,0.009784,-0.000521,0.410399,4.431553,-0.042818,3.465624,4.507576,-0.049260,3.063015
77,1.283333,4.318987,-0.048094,3.145432,4.474952,-0.049351,3.157040,4.346107,-0.046840,2.979964,4.269724,-0.047238,3.073358,4.272057,-0.047653,3.129650,0.010236,-0.000076,0.010157,0.310169,-0.000322,0.011054,0.009761,-0.000538,0.410361,4.431542,-0.042810,3.465637,4.507586,-0.049254,3.063006
78,1.300000,4.318971,-0.048089,3.145427,4.474947,-0.049349,3.157042,4.346116,-0.046825,2.979964,4.269730,-0.047250,3.073364,4.272053,-0.047660,3.129625,0.010154,-0.000127,0.010111,0.310170,-0.000303,0.011023,0.009778,-0.000508,0.410385,4.431552,-0.042802,3.465618,4.507587,-0.049270,3.062999
79,1.316667,4.318984,-0.048094,3.145412,4.474952,-0.049346,3.157037,4.346097,-0.046841,2.979960,4.269732,-0.047250,3.073360,4.272079,-0.047652,3.129649,0.010142,-0.000113,0.010093,0.310214,-0.000260,0.011079,0.009777,-0.000502,0.410375,4.431547,-0.042798,3.465624,4.507588,-0.049264,3.063006
80,1.333333,4.319007,-0.048091,3.145423,4.474942,-0.049348,3.157042,4.346111,-0.046841,2.979948,4.269735,-0.047242,3.073342,4.272062,-0.047660,3.129651,0.010168,-0.000098,0.010119,0.310211,-0.000261,0.011094,0.009782,-0.000481,0.410366,4.431555,-0.042807,3.465621,4.507582,-0.049247,3.062997
81,1.350000,4.318971,-0.048092,3.145422,4.474943,-0.049331,3.157030,4.346093,-0.046824,2.979955,4.269739,-0.047252,3.073349,4.272075,-0.047651,3.129649,0.010158,-0.000102,0.010078,0.310183,-0.000310,0.011031,0.009794,-0.000517,0.410397,4.431548,-0.042798,3.465622,4.507583,-0.049263,3.063013
82,1.366667,4.318991,-0.048111,3.145413,4.474957,-0.049352,3.157034,4.346117,-0.046855,2.979959,4.269732,-0.047254,3.073352,4.272083,-0.047676,3.129627,0.010555,0.000611,0.010382,0.310161,-0.000270,0.011020,0.009766,-0.000538,0.410382,4.431554,-0.042813,3.465613,4.507594,-0.049281,3.063014
83,1.383333,4.318994,-0.048101,3.145432,4.474956,-0.049351,3.157034,4.346102,-0.046830,2.979957,4.269749,-0.047257,3.073358,4.272057,-0.047656,3.129643,0.010182,-0.000080,0.010084,0.310190,-0.000296,0.011017,0.010075,-0.000171,0.410401,4.431555,-0.042797,3.465618,4.507577,-0.049259,3.063028
84,1.400000,4.318984,-0.048095,3.145428,4.474955,-0.049357,3.157036,4.346097,-0.046837,2.979957,4.269739,-0.047250,3.073349,4.272084,-0.047657,3.129623,0.010553,0.000608,0.010381,0.310209,-0.000260,0.011053,0.009763,-0.000535,0.410355,4.431554,-0.042813,3.465613,4.507598,-0.049256,3.063004
85,1.416667,4.318974,-0.048103,3.145422,4.474955,-0.049351,3.157029,4.346111,-0.046841,2.979958,4.269724,-0.047253,3.073358,4.272068,-0.047662,3.129619,0.010544,0.000618,0.010378,0.310182,-0.000291,0.011015,0.009789,-0.000493,0.410392,4.431548,-0.042806,3.465626,4.507596,-0.049252,3.063002
86,1.433333,4.318986,-0.048093,3.145408,4.474958,-0.049343,3.157030,4.346099,-0.046842,2.979942,4.269738,-0.047252,3.073349,4.272065,-0.047660,3.129639,0.010170,-0.000091,0.010081,0.310195,-0.000232,0.011103,0.009824,-0.000467,0.410400,4.431543,-0.042811,3.465611,4.507583,-0.049256,3.063001
87,1.450000,4.318999,-0.048106,3.145417,4.474941,-0.049333,3.157028,4.346101,-0.046845,2.979963,4.269734,-0.047252,3.073341,4.272069,-0.047670,3.129629,0.010156,-0.000102,0.010122,0.310209,-0.000279,0.011051,0.009764,-0.000500,0.410367,4.431540,-0.042822,3.465619,4.507583,-0.049266,3.063021
88,1.466667,4.318976,-0.048097,3.145432,4.474949,-0.049349,3.157035,4.346104,-0.046834,2.979941,4.269730,-0.047252,3.073357,4.272061,-0.047665,3.129634,0.010179,-0.000083,0.010081,0.310222,-0.000231,0.011057,0.009789,-0.000502,0.410391,4.431562,-0.042807,3.465611,4.507588,-0.049256,3.062995
89,1.483333,4.318996,-0.048104,3.145411,4.474954,-0.049348,3.157027,4.346106,-0.046833,2.979949,4.269737,-0.047256,3.073335,4.272080,-0.047679,3.129644,0.010143,-0.000111,0.010050,0.310141,-0.000325,0.011009,0.009773,-0.000538,0.410384,4.431546,-0.042803,3.465611,4.507576,-0.049272,3.062996
90,1.500000,4.318987,-0.048102,3.145426,4.474957,-0.049343,3.157038,4.346111,-0.046844,2.979936,4.269728,-0.047270,3.073349,4.272067,-0.047674,3.129628,0.010212,-0.000089,0.010100,0.310225,-0.000256,0.011084,0.009802,-0.000507,0.410379,4.431560,-0.042822,3.465618,4.507578,-0.049257,3.063017
91,1.516667,4.318989,-0.048126,3.145415,4.474972,-0.049344,3.157027,4.346099,-0.046848,2.979944,4.269733,-0.047271,3.073342,4.272073,-0.047665,3.129631,0.010535,0.000598,0.010384,0.310112,-0.000321,0.011027,0.009791,-0.000501,0.410406,4.431560,-0.042797,3.465612,4.507578,-0.049273,3.063000
92,1.533333,4.318982,-0.048106,3.145419,4.474960,-0.049363,3.157043,4.346112,-0.046860,2.979939,4.269755,-0.047255,3.073350,4.272070,-0.047656,3.129640,0.010510,0.000601,0.010364,0.310211,-0.000258,0.011077,0.009763,-0.000522,0.410353,4.431558,-0.042811,3.465611,4.507582,-0.049273,3.062989
93,1.550000,4.318992,-0.048091,3.145420,4.474936,-0.049342,3.157035,4.346115,-0.046848,2.979946,4.269731,-0.047246,3.073341,4.272072,-0.047649,3.129629,0.010166,-0.000065,0.010095,0.310194,-0.000272,0.011055,0.009788,-0.000516,0.410405,4.431549,-0.042808,3.465609,4.507581,-0.049266,3.063006
94,1.566667,4.318993,-0.048111,3.145411,4.474949,-0.049358,3.157036,4.346104,-0.046845,2.979948,4.269735,-0.047251,3.073357,4.272081,-0.047665,3.129627,0.010212,-0.000058,0.010132,0.310219,-0.000261,0.011063,0.009781,-0.000498,0.410393,4.431546,-0.042816,3.465617,4.507598,-0.049264,3.063013
95,1.583333,4.318989,-0.048104,3.145403,4.474945,-0.049355,3.157032,4.346112,-0.046845,2.979954,4.269751,-0.047252,3.073353,4.272056,-0.047647,3.129630,0.010214,-0.000097,0.010109,0.310171,-0.000298,0.011021,0.010135,-0.000134,0.410435,4.431553,-0.042809,3.465621,4.507596,-0.049250,3.062989
96,1.600000,4.318985,-0.048091,3.145420,4.474946,-0.049353,3.157040,4.346123,-0.046843,2.979951,4.269739,-0.047254,3.073355,4.272060,-0.047667,3.129646,0.010203,-0.000052,0.010125,0.310213,-0.000254,0.011060,0.009807,-0.000495,0.410390,4.431546,-0.042816,3.465605,4.507588,-0.049270,3.063003
97,1.616667,4.318983,-0.048118,3.145436,4.474947,-0.049348,3.157037,4.346107,-0.046828,2.979949,4.269746,-0.047253,3.073345,4.272076,-0.047668,3.129633,0.010574,0.000636,0.010406,0.310213,-0.000291,0.011070,0.009776,-0.000499,0.410380,4.431546,-0.042822,3.465618,4.507577,-0.049272,3.063000
98,1.633333,4.319001,-0.048104,3.145406,4.474956,-0.049358,3.157037,4.346125,-0.046853,2.979957,4.269742,-0.047249,3.073341,4.272070,-0.047677,3.129637,0.010166,-0.000101,0.010070,0.310201,-0.000259,0.011073,0.009818,-0.000478,0.410388,4.431546,-0.042819,3.465619,4.507577,-0.049261,3.062994
99,1.650000,4.319002,-0.048122,3.145406,4.474955,-0.049359,3.157034,4.346127,-0.046841,2.979959,4.269752,-0.047252,3.073357,4.272093,-0.047673,3.129642,0.010215,-0.000079,0.010102,0.310192,-0.000236,0.011061,0.009812,-0.000513,0.410375,4.431563,-0.042811,3.465612,4.507597,-0.049264,3.063004
100,1.666667,4.318996,-0.048115,3.145413,4.474969,-0.049348,3.157031,4.346124,-0.046852,2.979950,4.269739,-0.047239,3.073355,4.272078,-0.047662,3.129628,0.010175,-0.000115,0.010094,0.310201,-0.000259,0.011068,0.009829,-0.000476,0.410386,4.431557,-0.042819,3.465615,4.507591,-0.049275,3.063010
101,1.683333,4.319001,-0.048111,3.145417,4.474957,-0.049357,3.157034,4.346126,-0.046839,2.979964,4.269742,-0.047267,3.073369,4.272075,-0.047659,3.129635,0.010192,-0.000063,0.010125,0.310212,-0.000287,0.011071,0.009832,-0.000463,0.410399,4.431551,-0.042815,3.465612,4.507598,-0.049273,3.063003
102,1.700000,4.319002,-0.048109,3.145411,4.474957,-0.049350,3.157026,4.346117,-0.046850,2.979974,4.269742,-0.047254,3.073360,4.272076,-0.047659,3.129625,0.010556,0.000630,0.010412,0.310184,-0.000271,0.011057,0.010147,-0.000140,0.410445,4.431557,-0.042820,3.465621,4.507581,-0.049270,3.063011
103,1.716667,4.318996,-0.048091,3.145418,4.474966,-0.049332,3.157029,4.346111,-0.046845,2.979968,4.269749,-0.047257,3.073353,4.272079,-0.047651,3.129634,0.010181,-0.000062,0.010124,0.310198,-0.000245,0.011057,0.009819,-0.000477,0.410394,4.431560,-0.042807,3.465617,4.507585,-0.049269,3.063005
104,1.733333,4.318998,-0.048112,3.145421,4.474966,-0.049348,3.157028,4.346106,-0.046868,2.979955,4.269747,-0.047256,3.073345,4.272088,-0.047669,3.129642,0.010161,-0.000087,0.010105,0.310165,-0.000276,0.011022,0.009822,-0.000478,0.410379,4.431554,-0.042824,3.465620,4.507574,-0.049266,3.063006
105,1.750000,4.319000,-0.048105,3.145405,4.474962,-0.049359,3.157043,4.346119,-0.046845,2.979956,4.269737,-0.047258,3.073344,4.272074,-0.047673,3.129624,0.010181,-0.000088,0.010125,0.310150,-0.000042,0.010816,0.009791,-0.000513,0.410370,4.431556,-0.042818,3.465615,4.507566,-0.049247,3.062999
106,1.766667,4.319003,-0.048095,3.145418,4.474957,-0.049350,3.157029,4.346117,-0.046847,2.979948,4.269733,-0.047251,3.073349,4.272083,-0.047666,3.129639,0.010205,-0.000102,0.010085,0.310233,-0.000264,0.011094,0.009811,-0.000511,0.410411,4.431545,-0.042808,3.465602,4.507595,-0.049253,3.062994
107,1.783333,4.319001,-0.048103,3.145401,4.474967,-0.049355,3.157041,4.346118,-0.046842,2.979946,4.269734,-0.047253,3.073351,4.272070,-0.047654,3.129615,0.010164,-0.000109,0.010111,0.310204,-0.000283,0.011076,0.010115,-0.000164,0.410445,4.431553,-0.042809,3.465611,4.507585,-0.049260,3.062995
108,1.800000,4.319012,-0.048112,3.145414,4.474947,-0.049342,3.157027,4.346095,-0.046839,2.979964,4.269751,-0.047243,3.073344,4.272076,-0.047656,3.129621,0.010196,-0.000050,0.010131,0.310101,-0.000091,0.010776,0.009808,-0.000485,0.410417,4.431562,-0.042804,3.465620,4.507582,-0.049257,3.063004
109,1.816667,4.319003,-0.048087,3.145419,4.474961,-0.049351,3.157029,4.346108,-0.046854,2.979960,4.269745,-0.047253,3.073339,4.272073,-0.047670,3.129635,0.010138,-0.000126,0.010090,0.310160,-0.000268,0.011031,0.009809,-0.000467,0.410405,4.431542,-0.042810,3.465607,4.507589,-0.049274,3.063002
110,1.833333,4.318978,-0.048108,3.145421,4.474947,-0.049353,3.157038,4.346105,-0.046844,2.979939,4.269740,-0.047270,3.073344,4.272085,-0.047679,3.129627,0.010186,-0.000132,0.010113,0.310209,-0.000281,0.011054,0.009788,-0.000512,0.410379,4.431551,-0.042797,3.465608,4.507589,-0.049256,3.063012
111,1.850000,4.318997,-0.048104,3.145416,4.474953,-0.049351,3.157041,4.346105,-0.046858,2.979951,4.269747,-0.047259,3.073340,4.272068,-0.047645,3.129637,0.010153,-0.000143,0.010073,0.310184,-0.000323,0.011042,0.009812,-0.000507,0.410413,4.431552,-0.042810,3.465605,4.507584,-0.049280,3.063012
112,1.866667,4.318992,-0.048119,3.145410,4.474959,-0.049357,3.157033,4.346107,-0.046852,2.979955,4.269724,-0.047252,3.073335,4.272068,-0.047673,3.129631,0.010585,0.000631,0.010427,0.310198,-0.000318,0.011071,0.009783,-0.000524,0.410406,4.431563,-0.042801,3.465599,4.507593,-0.049264,3.062999
113,1.883333,4.318992,-0.048089,3.145399,4.474953,-0.049343,3.157023,4.346112,-0.046837,2.979942,4.269741,-0.047260,3.073346,4.272076,-0.047664,3.129629,0.010535,0.000576,0.010414,0.310188,-0.000317,0.011017,0.009819,-0.000519,0.410414,4.431557,-0.042809,3.465609,4.507582,-0.049263,3.062989
114,1.900000,4.319004,-0.048120,3.145402,4.474955,-0.049357,3.157022,4.346112,-0.046839,2.979941,4.269741,-0.047259,3.073340,4.272078,-0.047657,3.129621,0.010501,0.000616,0.010420,0.310149,-0.000304,0.011057,0.009824,-0.000512,0.410434,4.431542,-0.042819,3.465606,4.507589,-0.049274,3.062997
115,1.916667,4.318996,-0.048106,3.145407,4.474966,-0.049347,3.157035,4.346109,-0.046841,2.979934,4.269739,-0.047254,3.073351,4.272071,-0.047663,3.129631,0.010581,0.000638,0.010439,0.310145,-0.000326,0.011050,0.009747,-0.000567,0.410393,4.431549,-0.042811,3.465593,4.507584,-0.049269,3.062998
116,1.933333,4.318989,-0.048110,3.145418,4.474949,-0.049368,3.157026,4.346107,-0.046836,2.979935,4.269744,-0.047265,3.073335,4.272075,-0.047651,3.129628,0.010527,0.000599,0.010424,0.310216,-0.000246,0.011090,0.009833,-0.000524,0.410454,4.431555,-0.042807,3.465597,4.507583,-0.049257,3.062993
117,1.950000,4.318986,-0.048103,3.145410,4.474954,-0.049348,3.157029,4.346118,-0.046837,2.979955,4.269738,-0.047265,3.073350,4.272075,-0.047660,3.129629,0.010141,-0.000129,0.010095,0.310192,-0.000313,0.011049,0.009787,-0.000518,0.410431,4.431538,-0.042812,3.465605,4.507588,-0.049273,3.062992
118,1.966667,4.318998,-0.048118,3.145406,4.474955,-0.049360,3.157019,4.346109,-0.046836,2.979921,4.269741,-0.047247,3.073329,4.272069,-0.047660,3.129616,0.010588,0.000633,0.010438,0.310232,-0.000282,0.011102,0.009833,-0.000493,0.410445,4.431544,-0.042807,3.465608,4.507576,-0.049275,3.062998
119,1.983333,4.318993,-0.048094,3.145404,4.474950,-0.049351,3.157020,4.346122,-0.046859,2.979943,4.269732,-0.047256,3.073354,4.272061,-0.047656,3.129633,0.010198,-0.000080,0.010125,0.310185,-0.000278,0.011097,0.009848,-0.000484,0.410450,4.431553,-0.042823,3.465610,4.507576,-0.049273,3.062982
120,2.000000,4.318992,-0.048112,3.145415,4.474956,-0.049353,3.157029,4.346112,-0.046860,2.979954,4.269736,-0.047271,3.073340,4.272080,-0.047678,3.129613,0.010531,0.000614,0.010423,0.310162,-0.000315,0.011046,0.009821,-0.000504,0.410456,4.431564,-0.042815,3.465604,4.507590,-0.049273,3.062993
121,2.016667,4.318998,-0.048106,3.145413,4.474962,-0.049363,3.157025,4.346114,-0.046858,2.979947,4.269729,-0.047274,3.073342,4.272082,-0.047652,3.129622,0.010214,-0.000062,0.010134,0.310189,-0.000282,0.011061,0.009809,-0.000518,0.410435,4.431545,-0.042814,3.465621,4.507586,-0.049268,3.063009
122,2.033333,4.318999,-0.048112,3.145408,4.474949,-0.049361,3.157019,4.346110,-0.046853,2.979934,4.269743,-0.047242,3.073356,4.272079,-0.047666,3.129620,0.010575,0.000631,0.010432,0.310212,-0.000254,0.011055,0.009850,-0.000479,0.410426,4.431561,-0.042818,3.465606,4.507599,-0.049266,3.062993
123,2.050000,4.319004,-0.048114,3.145396,4.474942,-0.049357,3.157028,4.346108,-0.046844,2.979944,4.269741,-0.047260,3.073338,4.272074,-0.047667,3.129636,0.010191,-0.000056,0.010139,0.310203,-0.000325,0.011046,0.009819,-0.000486,0.410433,4.431556,-0.042815,3.465603,4.507591,-0.049257,3.063004
124,2.066667,4.319000,-0.048105,3.145407,4.474958,-0.049357,3.157037,4.346117,-0.046843,2.979950,4.269731,-0.047255,3.073352,4.272088,-0.047675,3.129631,0.010236,-0.000088,0.010164,0.310191,-0.000298,0.011036,0.009830,-0.000490,0.410436,4.431542,-0.042810,3.465621,4.507584,-0.049265,3.062997
125,2.083333,4.318999,-0.048097,3.145422,4.474969,-0.049367,3.157029,4.346103,-0.046844,2.979945,4.269744,-0.047264,3.073344,4.272069,-0.047682,3.129627,0.010566,0.000636,0.010419,0.310222,-0.000254,0.011085,0.010142,-0.000157,0.410469,4.431568,-0.042805,3.465617,4.507589,-0.049276,3.063006
126,2.100000,4.318993,-0.048114,3.145421,4.474968,-0.049353,3.157043,4.346128,-0.046861,2.979976,4.269753,-0.047254,3.073351,4.272078,-0.047679,3.129636,0.010222,-0.000068,0.010158,0.310245,-0.000242,0.011096,0.009771,-0.000506,0.410444,4.431550,-0.042826,3.465605,4.507588,-0.049264,3.062994
127,2.116667,4.318991,-0.048103,3.145434,4.474956,-0.049384,3.157043,4.346123,-0.046857,2.979956,4.269738,-0.047251,3.073343,4.272078,-0.047679,3.129643,0.010157,-0.000097,0.010101,0.310199,-0.000270,0.011050,0.009833,-0.000501,0.410438,4.431550,-0.042831,3.465620,4.507594,-0.049265,3.063003
128,2.133333,4.318991,-0.048099,3.145424,4.474950,-0.049364,3.157039,4.346108,-0.046855,2.979963,4.269736,-0.047269,3.073351,4.272082,-0.047675,3.129654,0.010180,-0.000055,0.010130,0.310199,-0.000296,0.011065,0.009816,-0.000524,0.410453,4.431557,-0.042818,3.465620,4.507584,-0.049261,3.063005
129,2.150000,4.318992,-0.048099,3.145433,4.474949,-0.049375,3.157038,4.346126,-0.046864,2.979959,4.269742,-0.047260,3.073356,4.272085,-0.047677,3.129631,0.010550,0.000647,0.010416,0.310176,-0.000301,0.011031,0.009833,-0.000487,0.410425,4.431542,-0.042820,3.465623,4.507599,-0.049255,3.063034
130,2.166667,4.318991,-0.048098,3.145437,4.474956,-0.049363,3.157041,4.346104,-0.046850,2.979951,4.269748,-0.047260,3.073354,4.272097,-0.047668,3.129649,0.010193,-0.000083,0.010105,0.310228,-0.000244,0.011078,0.009818,-0.000509,0.410440,4.431552,-0.042819,3.465626,4.507594,-0.049260,3.063005
131,2.183333,4.318988,-0.048087,3.145416,4.474968,-0.049369,3.157047,4.346121,-0.046844,2.979959,4.269743,-0.047245,3.073366,4.272074,-0.047671,3.129633,0.010561,0.000643,0.010397,0.310224,-0.000275,0.011077,0.009816,-0.000479,0.410407,4.431556,-0.042814,3.465622,4.507579,-0.049263,3.062999
132,2.200000,4.319001,-0.048100,3.145430,4.474972,-0.049387,3.157027,4.346119,-0.046841,2.979957,4.269748,-0.047264,3.073356,4.272079,-0.047669,3.129631,0.010592,0.000636,0.010412,0.310168,-0.000304,0.011043,0.009796,-0.000512,0.410408,4.431549,-0.042831,3.465608,4.507610,-0.049283,3.063004
133,2.216667,4.318994,-0.048088,3.145423,4.474976,-0.049352,3.157038,4.346114,-0.046853,2.979953,4.269733,-0.047260,3.073372,4.272093,-0.047680,3.129649,0.010569,0.000676,0.010412,0.310162,-0.000352,0.011046,0.009818,-0.000511,0.410409,4.431563,-0.042822,3.465635,4.507600,-0.049276,3.063019
134,2.233333,4.318983,-0.048081,3.145425,4.474967,-0.049363,3.157050,4.346127,-0.046851,2.979960,4.269743,-0.047262,3.073340,4.272069,-0.047673,3.129643,0.010543,0.000621,0.010403,0.310155,-0.000281,0.011040,0.009811,-0.000521,0.410446,4.431557,-0.042820,3.465612,4.507573,-0.049263,3.062994
135,2.250000,4.319000,-0.048095,3.145423,4.474961,-0.049361,3.157050,4.346123,-0.046840,2.979944,4.269741,-0.047266,3.073350,4.272084,-0.047672,3.129627,0.010131,-0.000120,0.010072,0.310169,-0.000306,0.011066,0.009827,-0.000487,0.410430,4.431555,-0.042824,3.465622,4.507588,-0.049251,3.063004
136,2.266667,4.319004,-0.048102,3.145413,4.474953,-0.049368,3.157039,4.346099,-0.046859,2.979947,4.269732,-0.047251,3.073349,4.272077,-0.047684,3.129623,0.010187,-0.000094,0.010127,0.310194,-0.000279,0.011061,0.009818,-0.000499,0.410420,4.431556,-0.042813,3.465616,4.507595,-0.049247,3.062991
137,2.283333,4.318994,-0.048102,3.145427,4.474955,-0.049353,3.157041,4.346114,-0.046856,2.979957,4.269743,-0.047249,3.073354,4.272069,-0.047671,3.129635,0.010202,-0.000052,0.010124,0.310191,-0.000264,0.011054,0.009825,-0.000494,0.410435,4.431560,-0.042815,3.465610,4.507594,-0.049260,3.062998
138,2.300000,4.319009,-0.048099,3.145416,4.474950,-0.049353,3.157055,4.346111,-0.046832,2.979955,4.269753,-0.047259,3.073345,4.272065,-0.047660,3.129641,0.010181,-0.000082,0.010127,0.310206,-0.000233,0.011101,0.009802,-0.000485,0.410409,4.431561,-0.042822,3.465621,4.507591,-0.049261,3.062994
139,2.316667,4.318986,-0.048105,3.145426,4.474951,-0.049338,3.157041,4.346109,-0.046849,2.979948,4.269736,-0.047251,3.073356,4.272077,-0.047652,3.129634,0.010144,-0.000104,0.010062,0.310161,-0.000253,0.011073,0.009807,-0.000457,0.410451,4.431564,-0.042814,3.465622,4.507585,-0.049255,3.063004
140,2.333333,4.318986,-0.048100,3.145422,4.474980,-0.049329,3.157047,4.346114,-0.046841,2.979954,4.269744,-0.047255,3.073352,4.272069,-0.047666,3.129634,0.010204,-0.000064,0.010130,0.310171,-0.000284,0.011034,0.009819,-0.000502,0.410402,4.431549,-0.042805,3.465628,4.507585,-0.049251,3.063001
141,2.350000,4.318997,-0.048093,3.145433,4.474952,-0.049353,3.157048,4.346107,-0.046832,2.979954,4.269751,-0.047250,3.073348,4.272080,-0.047666,3.129626,0.010525,0.000601,0.010415,0.310200,-0.000256,0.011048,0.009793,-0.000495,0.410416,4.431555,-0.042806,3.465612,4.507590,-0.049256,3.063006
142,2.366667,4.318986,-0.048099,3.145428,4.474956,-0.049340,3.157044,4.346102,-0.046835,2.979955,4.269735,-0.047252,3.073356,4.272081,-0.047656,3.129634,0.010153,-0.000101,0.010097,0.310206,-0.000275,0.011063,0.009824,-0.000517,0.410436,4.431550,-0.042813,3.465619,4.507579,-0.049254,3.063025
143,2.383333,4.318976,-0.048107,3.145422,4.474947,-0.049357,3.157044,4.346107,-0.046846,2.979945,4.269740,-0.047263,3.073342,4.272062,-0.047668,3.129640,0.010140,-0.000098,0.010086,0.310208,-0.000260,0.011028,0.009814,-0.000497,0.410413,4.431551,-0.042810,3.465629,4.507588,-0.049259,3.063000
144,2.400000,4.318994,-0.048103,3.145435,4.474961,-0.049352,3.157039,4.346101,-0.046831,2.979955,4.269738,-0.047245,3.073345,4.272064,-0.047653,3.129634,0.010159,-0.000115,0.010072,0.310143,-0.000302,0.010983,0.009819,-0.000503,0.410444,4.431561,-0.042817,3.465618,4.507575,-0.049248,3.062991
145,2.416667,4.318992,-0.048107,3.145424,4.474964,-0.049356,3.157034,4.346107,-0.046839,2.979959,4.269739,-0.047244,3.073370,4.272076,-0.047646,3.129643,0.010130,-0.000128,0.010056,0.310178,-0.000295,0.011027,0.009838,-0.000483,0.410426,4.431554,-0.042816,3.465611,4.507585,-0.049256,3.063008
146,2.433333,4.318982,-0.048101,3.145422,4.474959,-0.049359,3.157040,4.346114,-0.046835,2.979957,4.269741,-0.047250,3.073359,4.272068,-0.047668,3.129644,0.010161,-0.000092,0.010065,0.310176,-0.000291,0.011006,0.009831,-0.000460,0.410430,4.431556,-0.042805,3.465615,4.507586,-0.049262,3.062999
147,2.450000,4.318995,-0.048105,3.145437,4.474967,-0.049342,3.157033,4.346114,-0.046857,2.979959,4.269737,-0.047260,3.073362,4.272065,-0.047652,3.129637,0.010191,-0.000116,0.010099,0.310148,-0.000293,0.011049,0.009839,-0.000489,0.410426,4.431553,-0.042809,3.465628,4.507596,-0.049265,3.063015
148,2.466667,4.318995,-0.048109,3.145410,4.474955,-0.049354,3.157050,4.346109,-0.046863,2.979956,4.269743,-0.047261,3.073346,4.272072,-0.047655,3.129635,0.010149,-0.000114,0.010093,0.310229,-0.000272,0.011098,0.009842,-0.000466,0.410468,4.431558,-0.042815,3.465628,4.507587,-0.049254,3.063006
149,2.483333,4.319001,-0.048112,3.145430,4.474963,-0.049353,3.157035,4.346117,-0.046832,2.979962,4.269737,-0.047256,3.073361,4.272076,-0.047650,3.129635,0.010230,0.000000,0.010169,0.310191,-0.000274,0.011085,0.009839,-0.000450,0.410452,4.431553,-0.042828,3.465631,4.507586,-0.049254,3.063001
150,2.500000,4.318986,-0.048109,3.145426,4.474979,-0.049360,3.157036,4.346128,-0.046837,2.979964,4.269747,-0.047268,3.073366,4.272093,-0.047686,3.129637,0.010156,-0.000064,0.010094,0.310161,-0.000259,0.011055,0.009867,-0.000461,0.410454,4.431556,-0.042811,3.465627,4.507599,-0.049268,3.063008
151,2.516667,4.318994,-0.048101,3.145411,4.474964,-0.049363,3.157027,4.346128,-0.046841,2.979960,4.269752,-0.047260,3.073347,4.272073,-0.047672,3.129639,0.010271,-0.000033,0.010149,0.310242,-0.000237,0.011094,0.009830,-0.000477,0.410445,4.431561,-0.042823,3.465614,4.507583,-0.049268,3.063015
152,2.533333,4.318994,-0.048110,3.145425,4.474951,-0.049375,3.157027,4.346105,-0.046853,2.979950,4.269736,-0.047267,3.073363,4.272084,-0.047658,3.129634,0.010166,-0.000104,0.010117,0.310219,-0.000278,0.011071,0.009815,-0.000507,0.410401,4.431561,-0.042823,3.465627,4.507593,-0.049262,3.063018
153,2.550000,4.318995,-0.048105,3.145422,4.474956,-0.049351,3.157040,4.346096,-0.046851,2.979954,4.269742,-0.047260,3.073350,4.272091,-0.047669,3.129631,0.010191,-0.000049,0.010121,0.310245,-0.000252,0.011078,0.009812,-0.000483,0.410421,4.431549,-0.042819,3.465620,4.507597,-0.049267,3.063011
154,2.566667,4.318985,-0.048102,3.145416,4.474952,-0.049339,3.157025,4.346110,-0.046853,2.979952,4.269741,-0.047259,3.073340,4.272097,-0.047664,3.129633,0.010154,-0.000095,0.010078,0.310180,-0.000291,0.011004,0.009848,-0.000483,0.410427,4.431566,-0.042821,3.465622,4.507593,-0.049255,3.063013
155,2.583333,4.318983,-0.048112,3.145422,4.474964,-0.049351,3.157037,4.346100,-0.046835,2.979966,4.269751,-0.047252,3.073340,4.272079,-0.047660,3.129636,0.010339,0.000169,0.009988,0.310171,-0.000316,0.011043,0.009826,-0.000485,0.410412,4.431550,-0.042808,3.465616,4.507599,-0.049252,3.063004
156,2.600000,4.319002,-0.048093,3.145419,4.474971,-0.049363,3.157037,4.346113,-0.046856,2.979962,4.269732,-0.047260,3.073353,4.272087,-0.047668,3.129630,0.010161,-0.000111,0.010092,0.310197,-0.000294,0.011072,0.009794,-0.000497,0.410410,4.431545,-0.042809,3.465619,4.507596,-0.049250,3.062992
157,2.616667,4.318994,-0.048106,3.145425,4.474955,-0.049349,3.157040,4.346123,-0.046837,2.979971,4.269735,-0.047237,3.073341,4.272079,-0.047663,3.129610,0.010558,0.000627,0.010397,0.310231,-0.000267,0.011078,0.009814,-0.000501,0.410424,4.431551,-0.042824,3.465621,4.507585,-0.049258,3.063008
158,2.633333,4.318990,-0.048103,3.145397,4.474957,-0.049348,3.157046,4.346112,-0.046841,2.979945,4.269753,-0.047255,3.073357,4.272077,-0.047654,3.129620,0.010177,-0.000108,0.010089,0.310211,-0.000281,0.011055,0.009785,-0.000529,0.410394,4.431557,-0.042815,3.465620,4.507587,-0.049262,3.062999
159,2.650000,4.319007,-0.048099,3.145417,4.474949,-0.049355,3.157018,4.346106,-0.046843,2.979955,4.269743,-0.047273,3.073348,4.272080,-0.047649,3.129627,0.010560,0.000630,0.010407,0.310219,-0.000264,0.011107,0.009821,-0.000497,0.410424,4.431556,-0.042826,3.465609,4.507597,-0.049268,3.063004
160,2.666667,4.319010,-0.048102,3.145409,4.474954,-0.049333,3.157029,4.346103,-0.046829,2.979950,4.269742,-0.047251,3.073339,4.272081,-0.047676,3.129631,0.010561,0.000601,0.010375,0.310188,-0.000296,0.011032,0.009747,-0.000547,0.410353,4.431551,-0.042815,3.465611,4.507587,-0.049252,3.063004
161,2.683333,4.318988,-0.048095,3.145417,4.474949,-0.049337,3.157034,4.346102,-0.046848,2.979944,4.269726,-0.047251,3.073344,4.272060,-0.047656,3.129627,0.010521,0.000622,0.010386,0.310210,-0.000305,0.011078,0.009771,-0.000508,0.410385,4.431566,-0.042808,3.465613,4.507597,-0.049258,3.063002
162,2.700000,4.318998,-0.048107,3.145406,4.474957,-0.049372,3.157033,4.346116,-0.046856,2.979945,4.269740,-0.047253,3.073339,4.272075,-0.047658,3.129627,0.010473,0.000569,0.010350,0.310209,-0.000242,0.011100,0.009742,-0.000528,0.410368,4.431549,-0.042810,3.465614,4.507605,-0.049259,3.062992
163,2.716667,4.318992,-0.048105,3.145396,4.474946,-0.049359,3.157020,4.346110,-0.046840,2.979941,4.269735,-0.047264,3.073351,4.272091,-0.047671,3.129628,0.010518,0.000600,0.010365,0.310147,-0.000302,0.011033,0.009785,-0.000514,0.410366,4.431554,-0.042815,3.465608,4.507590,-0.049262,3.062981
164,2.733333,4.319005,-0.048111,3.145402,4.474948,-0.049354,3.157034,4.346121,-0.046859,2.979948,4.269746,-0.047255,3.073352,4.272087,-0.047657,3.129617,0.010164,-0.000082,0.010093,0.310215,-0.000244,0.011090,0.009822,-0.000507,0.410385,4.431558,-0.042825,3.465603,4.507588,-0.049278,3.062984
165,2.750000,4.319003,-0.048108,3.145420,4.474967,-0.049343,3.157035,4.346096,-0.046862,2.979950,4.269732,-0.047261,3.073353,4.272079,-0.047666,3.129621,0.010521,0.000588,0.010354,0.310152,-0.000301,0.011037,0.009741,-0.000524,0.410366,4.431556,-0.042812,3.465605,4.507593,-0.049268,3.062997
166,2.766667,4.319000,-0.048120,3.145417,4.474956,-0.049359,3.157028,4.346112,-0.046847,2.979950,4.269742,-0.047250,3.073357,4.272078,-0.047653,3.129629,0.010509,0.000580,0.010372,0.310209,-0.000259,0.011041,0.009762,-0.000541,0.410387,4.431553,-0.042801,3.465611,4.507586,-0.049265,3.062998
167,2.783333,4.318985,-0.048107,3.145418,4.474960,-0.049354,3.157032,4.346112,-0.046843,2.979948,4.269737,-0.047252,3.073367,4.272091,-0.047668,3.129628,0.010515,0.000597,0.010359,0.310181,-0.000304,0.011027,0.009796,-0.000491,0.410387,4.431560,-0.042819,3.465605,4.507586,-0.049254,3.063017
168,2.800000,4.318990,-0.048092,3.145439,4.474957,-0.049318,3.157031,4.346111,-0.046843,2.979960,4.269751,-0.047262,3.073354,4.272069,-0.047649,3.129634,0.010534,0.000616,0.010395,0.310161,-0.000293,0.011039,0.009774,-0.000522,0.410362,4.431567,-0.042822,3.465609,4.507584,-0.049263,3.063006
169,2.816667,4.318985,-0.048090,3.145430,4.474943,-0.049345,3.157036,4.346111,-0.046859,2.979951,4.269740,-0.047271,3.073361,4.272072,-0.047655,3.129632,0.010178,-0.000088,0.010105,0.310241,-0.000250,0.011126,0.009781,-0.000502,0.410395,4.431549,-0.042818,3.465614,4.507581,-0.049262,3.063002
170,2.833333,4.318992,-0.048109,3.145403,4.474951,-0.049357,3.157042,4.346109,-0.046836,2.979968,4.269742,-0.047253,3.073351,4.272086,-0.047652,3.129623,0.010548,0.000623,0.010422,0.310166,-0.000283,0.011045,0.009766,-0.000494,0.410377,4.431553,-0.042816,3.465607,4.507586,-0.049250,3.063009
171,2.850000,4.318996,-0.048093,3.145422,4.474944,-0.049332,3.157046,4.346099,-0.046855,2.979950,4.269740,-0.047264,3.073354,4.272079,-0.047664,3.129635,0.010506,0.000593,0.010381,0.310162,-0.000302,0.011042,0.009754,-0.000532,0.410368,4.431554,-0.042806,3.465615,4.507581,-0.049272,3.063014
172,2.866667,4.318985,-0.048105,3.145408,4.474946,-0.049346,3.157039,4.346107,-0.046853,2.979970,4.269733,-0.047267,3.073363,4.272073,-0.047672,3.129640,0.010482,0.000611,0.010365,0.310211,-0.000288,0.011090,0.009769,-0.000476,0.410408,4.431562,-0.042837,3.465616,4.507581,-0.049265,3.063004
173,2.883333,4.318989,-0.048107,3.145435,4.474942,-0.049347,3.157049,4.346109,-0.046848,2.979963,4.269728,-0.047243,3.073354,4.272065,-0.047656,3.129631,0.010545,0.000629,0.010396,0.310229,-0.000260,0.011086,0.009789,-0.000495,0.410398,4.431554,-0.042819,3.465621,4.507587,-0.049268,3.063008
174,2.900000,4.318992,-0.048102,3.145421,4.474961,-0.049349,3.157038,4.346111,-0.046833,2.979974,4.269734,-0.047256,3.073357,4.272079,-0.047646,3.129642,0.010181,-0.000073,0.010135,0.310067,-0.000084,0.010779,0.009782,-0.000495,0.410361,4.431547,-0.042827,3.465616,4.507587,-0.049271,3.062991
175,2.916667,4.318988,-0.048111,3.145425,4.474957,-0.049339,3.157041,4.346108,-0.046838,2.979954,4.269739,-0.047252,3.073365,4.272081,-0.047674,3.129641,0.010528,0.000581,0.010362,0.310185,-0.000294,0.011061,0.009819,-0.000501,0.410418,4.431547,-0.042809,3.465625,4.507589,-0.049278,3.063015
176,2.933333,4.318992,-0.048090,3.145431,4.474947,-0.049343,3.157043,4.346103,-0.046846,2.979959,4.269736,-0.047254,3.073352,4.272080,-0.047653,3.129640,0.010545,0.000645,0.010418,0.310167,-0.000278,0.011029,0.009792,-0.000494,0.410409,4.431557,-0.042814,3.465617,4.507587,-0.049265,3.063015
177,2.950000,4.318991,-0.048112,3.145425,4.474970,-0.049346,3.157044,4.346111,-0.046854,2.979958,4.269742,-0.047260,3.073360,4.272076,-0.047655,3.129632,0.010181,-0.000064,0.010154,0.310189,-0.000288,0.011049,0.009803,-0.000499,0.410427,4.431550,-0.042805,3.465619,4.507589,-0.049260,3.063020
178,2.966667,4.318991,-0.048103,3.145427,4.474955,-0.049348,3.157027,4.346102,-0.046840,2.979953,4.269730,-0.047261,3.073370,4.272078,-0.047652,3.129636,0.010157,-0.000089,0.010090,0.310176,-0.000290,0.011015,0.009800,-0.000477,0.410434,4.431552,-0.042807,3.465621,4.507596,-0.049258,3.063009
179,2.983333,4.318993,-0.048103,3.145420,4.474946,-0.049373,3.157032,4.346115,-0.046839,2.979956,4.269733,-0.047280,3.073360,4.272080,-0.047680,3.129640,0.010181,-0.000094,0.010103,0.310165,-0.000307,0.011023,0.009769,-0.000501,0.410396,4.431550,-0.042815,3.465605,4.507584,-0.049274,3.062999
180,3.000000,4.318983,-0.048096,3.145412,4.474963,-0.049354,3.157047,4.346111,-0.046853,2.979946,4.269734,-0.047256,3.073355,4.272073,-0.047658,3.129633,0.010187,-0.000052,0.010147,0.310230,-0.000281,0.011050,0.009811,-0.000512,0.410399,4.431566,-0.042828,3.465627,4.507584,-0.049270,3.063009
181,3.016667,4.319009,-0.048092,3.145430,4.474954,-0.049351,3.157039,4.346105,-0.046849,2.979953,4.269723,-0.047257,3.073358,4.272076,-0.047681,3.129628,0.010171,-0.000075,0.010093,0.310158,-0.000265,0.011050,0.009780,-0.000484,0.410389,4.431559,-0.042805,3.465622,4.507601,-0.049260,3.062994
182,3.033333,4.318986,-0.048103,3.145399,4.474958,-0.049347,3.157034,4.346111,-0.046848,2.979953,4.269755,-0.047261,3.073347,4.272089,-0.047657,3.129634,0.010559,0.000623,0.010387,0.310130,-0.000306,0.011057,0.009814,-0.000465,0.410415,4.431541,-0.042812,3.465623,4.507587,-0.049274,3.063001
183,3.050000,4.318992,-0.048096,3.145422,4.474948,-0.049334,3.157036,4.346107,-0.046849,2.979958,4.269744,-0.047262,3.073345,4.272074,-0.047643,3.129639,0.010118,-0.000122,0.010120,0.310174,-0.000285,0.011061,0.009799,-0.000486,0.410418,4.431556,-0.042806,3.465602,4.507590,-0.049267,3.062995
184,3.066667,4.318996,-0.048099,3.145425,4.474955,-0.049349,3.157018,4.346108,-0.046834,2.979958,4.269748,-0.047246,3.073349,4.272093,-0.047680,3.129637,0.010517,0.000571,0.010345,0.310155,-0.000306,0.011025,0.009780,-0.000466,0.410427,4.431556,-0.042825,3.465619,4.507582,-0.049269,3.063002
185,3.083333,4.318991,-0.048108,3.145412,4.474951,-0.049346,3.157033,4.346121,-0.046846,2.979957,4.269743,-0.047243,3.073361,4.272073,-0.047658,3.129628,0.010170,-0.000099,0.010124,0.310226,-0.000249,0.011068,0.009800,-0.000491,0.410415,4.431548,-0.042823,3.465624,4.507589,-0.049268,3.062988
186,3.100000,4.319002,-0.048112,3.145423,4.474934,-0.049351,3.157017,4.346097,-0.046841,2.979967,4.269744,-0.047252,3.073341,4.272071,-0.047646,3.129637,0.010535,0.000614,0.010371,0.310224,-0.000234,0.011098,0.009800,-0.000485,0.410405,4.431550,-0.042809,3.465613,4.507596,-0.049258,3.063006
187,3.116667,4.318980,-0.048098,3.145424,4.474954,-0.049351,3.157039,4.346107,-0.046838,2.979957,4.269740,-0.047268,3.073351,4.272058,-0.047651,3.129621,0.010217,-0.000076,0.010125,0.310188,-0.000222,0.011042,0.009789,-0.000488,0.410394,4.431561,-0.042816,3.465610,4.507580,-0.049269,3.063010
188,3.133333,4.319004,-0.048090,3.145417,4.474945,-0.049340,3.157055,4.346107,-0.046832,2.979957,4.269741,-0.047258,3.073354,4.272073,-0.047657,3.129641,0.010557,0.000628,0.010379,0.310200,-0.000285,0.011071,0.009751,-0.000532,0.410376,4.431546,-0.042815,3.465604,4.507588,-0.049275,3.063014
189,3.150000,4.318984,-0.048083,3.145428,4.474957,-0.049358,3.157034,4.346115,-0.046843,2.979966,4.269735,-0.047264,3.073358,4.272073,-0.047643,3.129640,0.010149,-0.000062,0.010116,0.310185,-0.000314,0.011052,0.009769,-0.000533,0.410397,4.431547,-0.042825,3.465599,4.507596,-0.049252,3.063019
190,3.166667,4.318997,-0.048083,3.145427,4.474948,-0.049361,3.157036,4.346109,-0.046838,2.979951,4.269726,-0.047250,3.073358,4.272080,-0.047647,3.129634,0.010124,-0.000109,0.010087,0.310218,-0.000256,0.011087,0.009763,-0.000524,0.410391,4.431551,-0.042814,3.465614,4.507582,-0.049283,3.063010
191,3.183333,4.318990,-0.048091,3.145435,4.474942,-0.049350,3.157040,4.346115,-0.046847,2.979943,4.269750,-0.047255,3.073356,4.272069,-0.047658,3.129637,0.010526,0.000631,0.010398,0.310186,-0.000294,0.011060,0.009778,-0.000469,0.410402,4.431558,-0.042816,3.465629,4.507581,-0.049240,3.063001
192,3.200000,4.318997,-0.048083,3.145444,4.474952,-0.049339,3.157048,4.346104,-0.046851,2.979967,4.269729,-0.047245,3.073362,4.272072,-0.047650,3.129639,0.010205,-0.000079,0.010108,0.310171,-0.000273,0.011071,0.009780,-0.000474,0.410415,4.431543,-0.042803,3.465630,4.507593,-0.049258,3.062999
193,3.216667,4.318982,-0.048093,3.145428,4.474954,-0.049333,3.157042,4.346103,-0.046832,2.979961,4.269736,-0.047249,3.073358,4.272069,-0.047652,3.129637,0.010179,-0.000103,0.010099,0.310181,-0.000313,0.011020,0.009781,-0.000505,0.410381,4.431550,-0.042811,3.465620,4.507589,-0.049258,3.063022
194,3.233333,4.318995,-0.048081,3.145427,4.474944,-0.049333,3.157047,4.346116,-0.046844,2.979959,4.269743,-0.047251,3.073349,4.272075,-0.047653,3.129621,0.010458,0.000584,0.010345,0.310201,-0.000318,0.011080,0.010061,-0.000179,0.410394,4.431552,-0.042806,3.465617,4.507579,-0.049259,3.063014
195,3.250000,4.318995,-0.048099,3.145424,4.474945,-0.049335,3.157054,4.346102,-0.046835,2.979966,4.269734,-0.047250,3.073373,4.272068,-0.047640,3.129637,0.010512,0.000592,0.010373,0.310206,-0.000269,0.011068,0.009789,-0.000508,0.410380,4.431552,-0.042818,3.465614,4.507569,-0.049251,3.063000
196,3.266667,4.318984,-0.048106,3.145431,4.474939,-0.049333,3.157039,4.346106,-0.046818,2.979963,4.269736,-0.047249,3.073368,4.272069,-0.047645,3.129633,0.010168,-0.000082,0.010119,0.310151,-0.000321,0.011011,0.009777,-0.000507,0.410408,4.431551,-0.042808,3.465602,4.507574,-0.049258,3.063013
197,3.283333,4.318984,-0.048097,3.145417,4.474939,-0.049346,3.157037,4.346115,-0.046840,2.979959,4.269724,-0.047239,3.073367,4.272077,-0.047645,3.129641,0.010527,0.000599,0.010372,0.310171,-0.000304,0.011048,0.009780,-0.000532,0.410414,4.431544,-0.042814,3.465614,4.507585,-0.049261,3.063012
198,3.300000,4.318973,-0.048102,3.145430,4.474950,-0.049353,3.157045,4.346101,-0.046836,2.979965,4.269748,-0.047253,3.073358,4.272067,-0.047658,3.129642,0.010523,0.000602,0.010376,0.310188,-0.000239,0.011149,0.009756,-0.000476,0.410407,4.431551,-0.042808,3.465622,4.507605,-0.049254,3.063024
199,3.316667,4.318984,-0.048100,3.145434,4.474932,-0.049342,3.157036,4.346106,-0.046833,2.979965,4.269731,-0.047250,3.073357,4.272062,-0.047658,3.129643,0.010521,0.000593,0.010359,0.310206,-0.000269,0.011067,0.009819,-0.000500,0.410397,4.431551,-0.042815,3.465624,4.507592,-0.049268,3.063015
200,3.333333,4.318987,-0.048111,3.145434,4.474949,-0.049349,3.157052,4.346102,-0.046845,2.979964,4.269726,-0.047252,3.073358,4.272074,-0.047670,3.129648,0.010503,0.000600,0.010362,0.310208,-0.000273,0.011108,0.009799,-0.000501,0.410374,4.431541,-0.042817,3.465625,4.507586,-0.049255,3.063012
201,3.350000,4.319002,-0.048105,3.145428,4.474932,-0.049349,3.157054,4.346098,-0.046851,2.979962,4.269743,-0.047257,3.073362,4.272058,-0.047661,3.129641,0.010190,-0.000045,0.010138,0.310166,-0.000288,0.011096,0.009777,-0.000525,0.410397,4.431556,-0.042823,3.465628,4.507581,-0.049265,3.063007
202,3.366667,4.318981,-0.048101,3.145439,4.474941,-0.049360,3.157049,4.346098,-0.046839,2.979971,4.269746,-0.047254,3.073354,4.272082,-0.047656,3.129636,0.010476,0.000580,0.010370,0.310181,-0.000279,0.011069,0.009764,-0.000525,0.410398,4.431558,-0.042816,3.465622,4.507575,-0.049262,3.063014
203,3.383333,4.318985,-0.048099,3.145417,4.474943,-0.049347,3.157045,4.346116,-0.046838,2.979965,4.269764,-0.047264,3.073355,4.272078,-0.047665,3.129649,0.010159,-0.000062,0.010135,0.310168,-0.000325,0.011081,0.009794,-0.000513,0.410406,4.431552,-0.042801,3.465618,4.507580,-0.049267,3.063014
204,3.400000,4.318998,-0.048086,3.145420,4.474946,-0.049357,3.157040,4.346101,-0.046843,2.979968,4.269741,-0.047263,3.073364,4.272088,-0.047672,3.129644,0.010528,0.000651,0.010393,0.310220,-0.000268,0.011105,0.009772,-0.000500,0.410442,4.431550,-0.042806,3.465621,4.507591,-0.049271,3.063010
205,3.416667,4.318997,-0.048110,3.145435,4.474954,-0.049367,3.157039,4.346100,-0.046840,2.979964,4.269749,-0.047262,3.073358,4.272068,-0.047675,3.129653,0.010514,0.000605,0.010378,0.310189,-0.000286,0.011069,0.009825,-0.000487,0.410419,4.431562,-0.042823,3.465620,4.507595,-0.049254,3.063004
206,3.433333,4.319009,-0.048113,3.145425,4.474953,-0.049345,3.157053,4.346106,-0.046832,2.979959,4.269748,-0.047250,3.073357,4.272077,-0.047654,3.129651,0.010166,-0.000079,0.010112,0.310172,-0.000267,0.011036,0.009765,-0.000482,0.410431,4.431552,-0.042810,3.465625,4.507586,-0.049265,3.063004
207,3.450000,4.319003,-0.048110,3.145431,4.474951,-0.049361,3.157047,4.346112,-0.046857,2.979971,4.269732,-0.047261,3.073349,4.272065,-0.047666,3.129631,0.010162,-0.000084,0.010117,0.310191,-0.000305,0.011046,0.009792,-0.000533,0.410422,4.431554,-0.042807,3.465626,4.507576,-0.049253,3.063005
208,3.466667,4.318995,-0.048104,3.145435,4.474952,-0.049371,3.157042,4.346100,-0.046852,2.979963,4.269746,-0.047266,3.073360,4.272070,-0.047657,3.129634,0.010154,-0.000117,0.010130,0.310207,-0.000279,0.011082,0.009823,-0.000474,0.410423,4.431561,-0.042817,3.465624,4.507594,-0.049264,3.063012
209,3.483333,4.318975,-0.048099,3.145426,4.474953,-0.049358,3.157048,4.346117,-0.046840,2.979977,4.269741,-0.047259,3.073353,4.272062,-0.047677,3.129647,0.010541,0.000643,0.010383,0.310165,-0.000295,0.011056,0.009813,-0.000492,0.410440,4.431544,-0.042821,3.465621,4.507584,-0.049268,3.063009
210,3.500000,4.318985,-0.048121,3.145426,4.474949,-0.049354,3.157033,4.346114,-0.046837,2.979947,4.269741,-0.047252,3.073347,4.272091,-0.047679,3.129633,0.010216,-0.000072,0.010115,0.310191,-0.000299,0.011053,0.009832,-0.000448,0.410434,4.431567,-0.042820,3.465616,4.507585,-0.049275,3.063013
211,3.516667,4.319012,-0.048101,3.145409,4.474955,-0.049351,3.157046,4.346120,-0.046846,2.979952,4.269746,-0.047251,3.073361,4.272095,-0.047677,3.129628,0.010179,-0.000112,0.010118,0.310193,-0.000274,0.011077,0.009797,-0.000479,0.410438,4.431569,-0.042827,3.465623,4.507576,-0.049278,3.063019
212,3.533333,4.318991,-0.048100,3.145423,4.474946,-0.049353,3.157048,4.346110,-0.046838,2.979963,4.269746,-0.047249,3.073354,4.272076,-0.047662,3.129645,0.010521,0.000604,0.010410,0.310167,-0.000314,0.011030,0.009831,-0.000473,0.410459,4.431546,-0.042828,3.465627,4.507590,-0.049260,3.063011
213,3.550000,4.319000,-0.048084,3.145422,4.474948,-0.049350,3.157025,4.346103,-0.046837,2.979953,4.269735,-0.047265,3.073362,4.272073,-0.047657,3.129631,0.010146,-0.000081,0.010112,0.310189,-0.000320,0.011051,0.009792,-0.000485,0.410423,4.431562,-0.042825,3.465614,4.507588,-0.049255,3.063010
214,3.566667,4.318995,-0.048107,3.145416,4.474957,-0.049348,3.157046,4.346119,-0.046839,2.979954,4.269739,-0.047270,3.073353,4.272072,-0.047673,3.129627,0.010136,-0.000121,0.010099,0.310168,-0.000272,0.011032,0.009806,-0.000475,0.410417,4.431557,-0.042818,3.465612,4.507587,-0.049275,3.063005
215,3.583333,4.318996,-0.048102,3.145431,4.474942,-0.049350,3.157027,4.346122,-0.046856,2.979955,4.269734,-0.047260,3.073356,4.272082,-0.047667,3.129628,0.010558,0.000615,0.010416,0.310163,-0.000299,0.011029,0.009813,-0.000498,0.410424,4.431558,-0.042823,3.465623,4.507589,-0.049261,3.063000
216,3.600000,4.318988,-0.048099,3.145421,4.474953,-0.049352,3.157041,4.346112,-0.046844,2.979966,4.269731,-0.047247,3.073345,4.272077,-0.047656,3.129635,0.010147,-0.000104,0.010114,0.310194,-0.000259,0.011086,0.009805,-0.000490,0.410413,4.431562,-0.042821,3.465613,4.507577,-0.049262,3.063003
217,3.616667,4.318988,-0.048091,3.145423,4.474959,-0.049350,3.157033,4.346114,-0.046846,2.979953,4.269751,-0.047259,3.073349,4.272081,-0.047671,3.129622,0.010158,-0.000092,0.010092,0.310188,-0.000297,0.011059,0.009802,-0.000490,0.410412,4.431558,-0.042812,3.465623,4.507581,-0.049264,3.063000
218,3.633333,4.318980,-0.048100,3.145415,4.474957,-0.049337,3.157034,4.346118,-0.046845,2.979962,4.269742,-0.047247,3.073347,4.272083,-0.047680,3.129627,0.010547,0.000621,0.010360,0.310167,-0.000314,0.011041,0.009788,-0.000474,0.410448,4.431562,-0.042814,3.465605,4.507586,-0.049262,3.063007
219,3.650000,4.318991,-0.048099,3.145427,4.474958,-0.049348,3.157037,4.346110,-0.046850,2.979948,4.269745,-0.047244,3.073358,4.272069,-0.047669,3.129638,0.010196,-0.000071,0.010129,0.310160,-0.000294,0.011058,0.009800,-0.000475,0.410441,4.431567,-0.042819,3.465611,4.507585,-0.049267,3.063004
220,3.666667,4.318988,-0.048104,3.145416,4.474954,-0.049350,3.157027,4.346114,-0.046841,2.979944,4.269750,-0.047240,3.073369,4.272071,-0.047660,3.129622,0.010203,-0.000108,0.010118,0.310168,-0.000314,0.011032,0.009804,-0.000497,0.410419,4.431562,-0.042828,3.465622,4.507596,-0.049257,3.062999
221,3.683333,4.318990,-0.048096,3.145411,4.474960,-0.049354,3.157034,4.346103,-0.046837,2.979950,4.269751,-0.047248,3.073348,4.272094,-0.047662,3.129626,0.010165,-0.000098,0.010113,0.310169,-0.000291,0.011047,0.009808,-0.000484,0.410452,4.431552,-0.042819,3.465608,4.507586,-0.049257,3.063009
222,3.700000,4.318987,-0.048097,3.145424,4.474960,-0.049359,3.157023,4.346121,-0.046822,2.979964,4.269736,-0.047257,3.073353,4.272073,-0.047683,3.129626,0.010161,-0.000109,0.010119,0.310125,-0.000332,0.011016,0.009803,-0.000487,0.410426,4.431553,-0.042819,3.465615,4.507584,-0.049267,3.062992
223,3.716667,4.319000,-0.048097,3.145422,4.474952,-0.049342,3.157025,4.346119,-0.046845,2.979958,4.269736,-0.047254,3.073355,4.272077,-0.047658,3.129626,0.010563,0.000661,0.010399,0.310184,-0.000267,0.011022,0.009848,-0.000475,0.410436,4.431557,-0.042813,3.465616,4.507580,-0.049253,3.063000
224,3.733333,4.318989,-0.048093,3.145425,4.474960,-0.049350,3.157029,4.346107,-0.046838,2.979957,4.269742,-0.047239,3.073346,4.272082,-0.047671,3.129623,0.010536,0.000623,0.010385,0.310185,-0.000310,0.011050,0.009806,-0.000507,0.410432,4.431563,-0.042822,3.465619,4.507586,-0.049268,3.062985
225,3.750000,4.319001,-0.048097,3.145431,4.474951,-0.049338,3.157053,4.346117,-0.046855,2.979957,4.269741,-0.047257,3.073354,4.272082,-0.047652,3.129636,0.010228,-0.000059,0.010149,0.310167,-0.000301,0.011064,0.009799,-0.000511,0.410430,4.431561,-0.042829,3.465629,4.507609,-0.049251,3.062993
226,3.766667,4.318988,-0.048096,3.145421,4.474943,-0.049354,3.157043,4.346116,-0.046853,2.979947,4.269736,-0.047262,3.073341,4.272065,-0.047666,3.129632,0.010202,-0.000090,0.010146,0.310200,-0.000295,0.011051,0.009789,-0.000484,0.410432,4.431555,-0.042829,3.465624,4.507585,-0.049267,3.063004
227,3.783333,4.318999,-0.048084,3.145417,4.474970,-0.049344,3.157040,4.346121,-0.046851,2.979948,4.269742,-0.047270,3.073360,4.272080,-0.047658,3.129625,0.010195,-0.000076,0.010132,0.310223,-0.000231,0.011112,0.009786,-0.000508,0.410427,4.431558,-0.042809,3.465625,4.507584,-0.049259,3.063007
228,3.800000,4.319005,-0.048113,3.145426,4.474953,-0.049355,3.157026,4.346126,-0.046858,2.979956,4.269746,-0.047237,3.073352,4.272111,-0.047659,3.129630,0.010165,-0.000120,0.010099,0.310208,-0.000278,0.011088,0.009791,-0.000534,0.410396,4.431561,-0.042820,3.465627,4.507593,-0.049274,3.063010
229,3.816667,4.319006,-0.048105,3.145409,4.474949,-0.049357,3.157031,4.346111,-0.046847,2.979938,4.269752,-0.047256,3.073359,4.272089,-0.047663,3.129647,0.010176,-0.000095,0.010101,0.310177,-0.000253,0.011087,0.009787,-0.000528,0.410415,4.431547,-0.042816,3.465624,4.507586,-0.049258,3.063003
230,3.833333,4.319010,-0.048101,3.145425,4.474965,-0.049353,3.157026,4.346121,-0.046842,2.979961,4.269742,-0.047259,3.073359,4.272084,-0.047654,3.129633,0.010194,-0.000131,0.010075,0.310143,-0.000325,0.011024,0.009771,-0.000499,0.410406,4.431558,-0.042823,3.465612,4.507599,-0.049268,3.063006
231,3.850000,4.319000,-0.048122,3.145425,4.474951,-0.049361,3.157039,4.346110,-0.046845,2.979953,4.269744,-0.047251,3.073355,4.272071,-0.047650,3.129629,0.010175,-0.000135,0.010090,0.310185,-0.000283,0.011069,0.009809,-0.000489,0.410416,4.431566,-0.042820,3.465615,4.507584,-0.049272,3.062997
232,3.866667,4.318999,-0.048089,3.145428,4.474950,-0.049345,3.157042,4.346109,-0.046845,2.979961,4.269744,-0.047239,3.073364,4.272080,-0.047675,3.129642,0.010286,0.000145,0.009933,0.310219,-0.000273,0.011106,0.009793,-0.000506,0.410412,4.431551,-0.042820,3.465631,4.507589,-0.049253,3.063001
233,3.883333,4.318975,-0.048100,3.145412,4.474962,-0.049354,3.157053,4.346100,-0.046838,2.979959,4.269737,-0.047255,3.073350,4.272076,-0.047674,3.129631,0.010178,-0.000072,0.010109,0.310169,-0.000310,0.011056,0.009810,-0.000503,0.410439,4.431547,-0.042813,3.465625,4.507586,-0.049273,3.062993
234,3.900000,4.318980,-0.048100,3.145422,4.474960,-0.049349,3.157052,4.346098,-0.046829,2.979957,4.269744,-0.047249,3.073353,4.272088,-0.047672,3.129632,0.010230,-0.000047,0.010163,0.310158,-0.000296,0.011037,0.010106,-0.000138,0.410453,4.431544,-0.042818,3.465626,4.507576,-0.049268,3.062999
235,3.916667,4.319013,-0.048107,3.145428,4.474939,-0.049342,3.157044,4.346125,-0.046845,2.979950,4.269741,-0.047254,3.073355,4.272066,-0.047656,3.129637,0.010527,0.000603,0.010402,0.310186,-0.000324,0.011030,0.009809,-0.000515,0.410411,4.431548,-0.042823,3.465627,4.507587,-0.049277,3.063005
236,3.933333,4.318993,-0.048105,3.145420,4.474951,-0.049347,3.157040,4.346104,-0.046851,2.979949,4.269742,-0.047260,3.073349,4.272080,-0.047681,3.129643,0.010156,-0.000094,0.010125,0.310138,-0.000317,0.010987,0.009835,-0.000475,0.410447,4.431552,-0.042812,3.465608,4.507584,-0.049272,3.063006
237,3.950000,4.318983,-0.048106,3.145417,4.474956,-0.049360,3.157034,4.346111,-0.046846,2.979959,4.269728,-0.047250,3.073354,4.272087,-0.047659,3.129644,0.010567,0.000619,0.010388,0.310204,-0.000281,0.011064,0.009767,-0.000504,0.410406,4.431555,-0.042817,3.465626,4.507591,-0.049253,3.062994
238,3.966667,4.318995,-0.048103,3.145413,4.474961,-0.049342,3.157037,4.346112,-0.046849,2.979944,4.269731,-0.047246,3.073354,4.272070,-0.047676,3.129632,0.010532,0.000609,0.010399,0.310093,-0.000059,0.010782,0.009818,-0.000492,0.410441,4.431564,-0.042816,3.465624,4.507589,-0.049267,3.063006
239,3.983333,4.319004,-0.048104,3.145427,4.474957,-0.049355,3.157038,4.346114,-0.046831,2.979935,4.269732,-0.047249,3.073354,4.272071,-0.047654,3.129629,0.010579,0.000652,0.010387,0.310192,-0.000250,0.011074,0.009802,-0.000507,0.410415,4.431545,-0.042835,3.465631,4.507591,-0.049264,3.063001
240,4.000000,4.318995,-0.048112,3.145420,4.474947,-0.049359,3.157028,4.346100,-0.046846,2.979937,4.269742,-0.047249,3.073344,4.272067,-0.047659,3.129628,0.010210,-0.000100,0.010109,0.310088,-0.000035,0.010772,0.009793,-0.000473,0.410421,4.431558,-0.042822,3.465613,4.507585,-0.049263,3.062995
241,4.016667,4.318992,-0.048084,3.145418,4.474955,-0.049348,3.157028,4.346113,-0.046840,2.979943,4.269753,-0.047251,3.073337,4.272062,-0.047641,3.129635,0.010186,-0.000077,0.010118,0.310200,-0.000301,0.011027,0.009808,-0.000471,0.410403,4.431554,-0.042817,3.465616,4.507589,-0.049257,3.062998
242,4.033333,4.318998,-0.048111,3.145414,4.474958,-0.049339,3.157045,4.346117,-0.046843,2.979949,4.269731,-0.047250,3.073343,4.272085,-0.047659,3.129632,0.010159,-0.000095,0.010124,0.310233,-0.000253,0.011066,0.009768,-0.000493,0.410412,4.431574,-0.042813,3.465610,4.507597,-0.049256,3.063004
243,4.050000,4.318999,-0.048096,3.145418,4.474934,-0.049355,3.157034,4.346124,-0.046850,2.979965,4.269732,-0.047241,3.073344,4.272098,-0.047684,3.129622,0.010546,0.000640,0.010397,0.310089,-0.000060,0.010798,0.009754,-0.000499,0.410413,4.431574,-0.042816,3.465622,4.507607,-0.049279,3.062995
244,4.066667,4.318988,-0.048103,3.145427,4.474966,-0.049349,3.157037,4.346096,-0.046848,2.979950,4.269743,-0.047241,3.073351,4.272071,-0.047666,3.129615,0.010574,0.000629,0.010403,0.310161,-0.000273,0.011053,0.009836,-0.000428,0.410446,4.431548,-0.042810,3.465618,4.507594,-0.049269,3.063004
245,4.083333,4.318989,-0.048096,3.145423,4.474950,-0.049347,3.157026,4.346117,-0.046850,2.979959,4.269752,-0.047257,3.073351,4.272087,-0.047645,3.129636,0.010173,-0.000117,0.010138,0.310193,-0.000258,0.011070,0.009812,-0.000485,0.410432,4.431552,-0.042817,3.465620,4.507593,-0.049247,3.062986
246,4.100000,4.318986,-0.048092,3.145437,4.474955,-0.049361,3.157031,4.346116,-0.046860,2.979957,4.269729,-0.047261,3.073338,4.272077,-0.047659,3.129627,0.010151,-0.000075,0.010095,0.310198,-0.000233,0.011077,0.009807,-0.000492,0.410442,4.431573,-0.042815,3.465615,4.507598,-0.049257,3.062991
247,4.116667,4.318989,-0.048111,3.145423,4.474949,-0.049353,3.157048,4.346102,-0.046849,2.979954,4.269742,-0.047261,3.073364,4.272073,-0.047664,3.129628,0.010114,-0.000129,0.010087,0.310195,-0.000254,0.011109,0.009760,-0.000522,0.410410,4.431552,-0.042809,3.465630,4.507572,-0.049267,3.063014
248,4.133333,4.318990,-0.048115,3.145425,4.474965,-0.049360,3.157046,4.346120,-0.046847,2.979958,4.269726,-0.047264,3.073368,4.272079,-0.047663,3.129628,0.010540,0.000592,0.010376,0.310180,-0.000282,0.011054,0.009798,-0.000501,0.410431,4.431548,-0.042808,3.465616,4.507588,-0.049250,3.062991
249,4.150000,4.318996,-0.048090,3.145429,4.474969,-0.049349,3.157043,4.346115,-0.046851,2.979965,4.269726,-0.047262,3.073363,4.272094,-0.047651,3.129641,0.010127,-0.000114,0.010090,0.310174,-0.000301,0.011057,0.009803,-0.000515,0.410435,4.431558,-0.042820,3.465610,4.507596,-0.049274,3.063008
250,4.166667,4.318985,-0.048106,3.145432,4.474943,-0.049355,3.157036,4.346111,-0.046834,2.979959,4.269734,-0.047259,3.073357,4.272082,-0.047675,3.129642,0.010521,0.000625,0.010383,0.310202,-0.000276,0.011078,0.009773,-0.000502,0.410391,4.431540,-0.042811,3.465612,4.507596,-0.049249,3.063011
251,4.183333,4.318984,-0.048121,3.145422,4.474936,-0.049356,3.157035,4.346109,-0.046853,2.979956,4.269730,-0.047238,3.073352,4.272071,-0.047660,3.129640,0.010183,-0.000095,0.010120,0.310162,-0.000304,0.011052,0.009775,-0.000516,0.410447,4.431538,-0.042798,3.465626,4.507586,-0.049259,3.063003
252,4.200000,4.318985,-0.048115,3.145418,4.474934,-0.049368,3.157033,4.346099,-0.046847,2.979958,4.269738,-0.047254,3.073355,4.272068,-0.047653,3.129630,0.010504,0.000591,0.010384,0.310191,-0.000275,0.011053,0.009822,-0.000476,0.410450,4.431553,-0.042817,3.465614,4.507567,-0.049264,3.063028
253,4.216667,4.318988,-0.048113,3.145415,4.474947,-0.049362,3.157032,4.346092,-0.046856,2.979961,4.269737,-0.047254,3.073355,4.272079,-0.047668,3.129647,0.010139,-0.000144,0.010040,0.310198,-0.000279,0.011138,0.009771,-0.000514,0.410404,4.431544,-0.042820,3.465614,4.507585,-0.049269,3.063013
254,4.233333,4.318993,-0.048088,3.145429,4.474957,-0.049363,3.157043,4.346100,-0.046836,2.979955,4.269742,-0.047262,3.073373,4.272075,-0.047672,3.129646,0.010327,0.000140,0.010002,0.310242,-0.000279,0.011110,0.009795,-0.000551,0.410407,4.431542,-0.042809,3.465619,4.507591,-0.049259,3.063002
255,4.250000,4.318977,-0.048101,3.145438,4.474933,-0.049357,3.157052,4.346091,-0.046841,2.979961,4.269725,-0.047260,3.073359,4.272060,-0.047660,3.129647,0.010190,-0.000058,0.010158,0.310177,-0.000292,0.011051,0.009813,-0.000516,0.410437,4.431549,-0.042806,3.465618,4.507581,-0.049257,3.063024
256,4.266667,4.318980,-0.048103,3.145418,4.474946,-0.049353,3.157043,4.346086,-0.046830,2.979965,4.269742,-0.047251,3.073367,4.272058,-0.047635,3.129648,0.010319,0.000169,0.010018,0.310189,-0.000305,0.011065,0.009768,-0.000523,0.410431,4.431546,-0.042799,3.465611,4.507580,-0.049251,3.063017
257,4.283333,4.318986,-0.048101,3.145430,4.474946,-0.049346,3.157051,4.346107,-0.046838,2.979977,4.269747,-0.047260,3.073358,4.272086,-0.047668,3.129645,0.010194,-0.000132,0.010122,0.310186,-0.000306,0.011045,0.009792,-0.000521,0.410394,4.431549,-0.042815,3.465626,4.507578,-0.049250,3.063016
258,4.300000,4.318994,-0.048094,3.145422,4.474946,-0.049344,3.157049,4.346111,-0.046830,2.979966,4.269742,-0.047250,3.073360,4.272065,-0.047632,3.129635,0.010552,0.000617,0.010419,0.310191,-0.000318,0.011064,0.009774,-0.000523,0.410405,4.431552,-0.042806,3.465614,4.507577,-0.049253,3.063019
259,4.316667,4.318977,-0.048102,3.145431,4.474943,-0.049342,3.157038,4.346119,-0.046821,2.979969,4.269742,-0.047252,3.073362,4.272083,-0.047653,3.129647,0.010538,0.000622,0.010398,0.310215,-0.000283,0.011065,0.009802,-0.000538,0.410464,4.431529,-0.042810,3.465624,4.507575,-0.049257,3.063014
260,4.333333,4.318994,-0.048097,3.145433,4.474948,-0.049357,3.157048,4.346095,-0.046830,2.979958,4.269741,-0.047251,3.073359,4.272073,-0.047657,3.129629,0.010164,-0.000160,0.010112,0.310235,-0.000253,0.011122,0.009837,-0.000485,0.410429,4.431551,-0.042816,3.465612,4.507596,-0.049266,3.063019
261,4.350000,4.318987,-0.048099,3.145430,4.474943,-0.049360,3.157044,4.346109,-0.046840,2.979962,4.269737,-0.047255,3.073351,4.272057,-0.047657,3.129647,0.010545,0.000616,0.010395,0.310198,-0.000296,0.011065,0.009816,-0.000483,0.410452,4.431556,-0.042819,3.465619,4.507593,-0.049260,3.063006
262,4.366667,4.318998,-0.048099,3.145432,4.474948,-0.049341,3.157053,4.346110,-0.046839,2.979956,4.269736,-0.047249,3.073346,4.272067,-0.047661,3.129650,0.010503,0.000595,0.010382,0.310171,-0.000295,0.011031,0.009747,-0.000514,0.410401,4.431546,-0.042809,3.465619,4.507592,-0.049278,3.063005
263,4.383333,4.318993,-0.048098,3.145431,4.474942,-0.049363,3.157038,4.346109,-0.046847,2.979964,4.269734,-0.047260,3.073355,4.272087,-0.047646,3.129635,0.010553,0.000640,0.010407,0.310168,-0.000312,0.011047,0.009821,-0.000488,0.410444,4.431551,-0.042815,3.465610,4.507582,-0.049252,3.063013
264,4.400000,4.318996,-0.048110,3.145422,4.474956,-0.049364,3.157043,4.346104,-0.046848,2.979973,4.269731,-0.047254,3.073352,4.272069,-0.047663,3.129624,0.010490,0.000595,0.010386,0.310202,-0.000304,0.011085,0.009811,-0.000525,0.410411,4.431545,-0.042805,3.465628,4.507577,-0.049266,3.063007
265,4.416667,4.318987,-0.048101,3.145426,4.474960,-0.049353,3.157048,4.346098,-0.046849,2.979968,4.269747,-0.047268,3.073351,4.272066,-0.047650,3.129636,0.010537,0.000597,0.010372,0.310182,-0.000262,0.011059,0.009821,-0.000485,0.410416,4.431550,-0.042804,3.465618,4.507583,-0.049262,3.062996
266,4.433333,4.318981,-0.048105,3.145424,4.474958,-0.049348,3.157045,4.346107,-0.046841,2.979959,4.269737,-0.047258,3.073344,4.272069,-0.047678,3.129621,0.010201,-0.000086,0.010137,0.310192,-0.000292,0.011025,0.009766,-0.000496,0.410415,4.431549,-0.042802,3.465615,4.507588,-0.049268,3.062992
267,4.450000,4.318995,-0.048099,3.145427,4.474959,-0.049360,3.157026,4.346098,-0.046844,2.979963,4.269736,-0.047272,3.073346,4.272076,-0.047676,3.129629,0.010556,0.000615,0.010407,0.310186,-0.000296,0.011065,0.009807,-0.000517,0.410408,4.431551,-0.042819,3.465626,4.507581,-0.049268,3.063021
268,4.466667,4.319003,-0.048105,3.145414,4.474969,-0.049340,3.157038,4.346109,-0.046861,2.979961,4.269728,-0.047274,3.073351,4.272065,-0.047678,3.129632,0.010378,0.000164,0.009998,0.310149,-0.000312,0.010998,0.009747,-0.000513,0.410388,4.431533,-0.042827,3.465610,4.507573,-0.049271,3.063014
269,4.483333,4.318983,-0.048104,3.145412,4.474941,-0.049348,3.157045,4.346104,-0.046863,2.979970,4.269736,-0.047278,3.073350,4.272061,-0.047668,3.129632,0.010552,0.000645,0.010407,0.310183,-0.000308,0.011037,0.009791,-0.000472,0.410422,4.431542,-0.042823,3.465609,4.507565,-0.049273,3.063012
270,4.500000,4.318987,-0.048091,3.145429,4.474945,-0.049353,3.157035,4.346110,-0.046840,2.979954,4.269719,-0.047246,3.073354,4.272066,-0.047676,3.129638,0.010146,-0.000152,0.010090,0.310199,-0.000262,0.011084,0.009792,-0.000501,0.410412,4.431549,-0.042813,3.465624,4.507581,-0.049269,3.063002
271,4.516667,4.318984,-0.048103,3.145427,4.474957,-0.049345,3.157044,4.346098,-0.046843,2.979969,4.269737,-0.047242,3.073366,4.272065,-0.047673,3.129644,0.010159,-0.000132,0.010094,0.310233,-0.000225,0.011113,0.009762,-0.000513,0.410404,4.431537,-0.042816,3.465621,4.507583,-0.049263,3.063003
272,4.533333,4.318997,-0.048108,3.145421,4.474948,-0.049361,3.157037,4.346102,-0.046846,2.979957,4.269717,-0.047267,3.073349,4.272068,-0.047680,3.129636,0.010162,-0.000116,0.010123,0.310182,-0.000316,0.011035,0.009766,-0.000537,0.410410,4.431548,-0.042817,3.465606,4.507573,-0.049266,3.063021
273,4.550000,4.318990,-0.048106,3.145428,4.474954,-0.049354,3.157039,4.346104,-0.046841,2.979959,4.269748,-0.047265,3.073353,4.272068,-0.047666,3.129633,0.010536,0.000623,0.010411,0.310150,-0.000288,0.011059,0.009780,-0.000521,0.410395,4.431553,-0.042796,3.465606,4.507594,-0.049272,3.063009
274,4.566667,4.318994,-0.048102,3.145416,4.474948,-0.049358,3.157048,4.346093,-0.046854,2.979955,4.269742,-0.047248,3.073353,4.272049,-0.047661,3.129629,0.010181,-0.000108,0.010118,0.310236,-0.000295,0.011099,0.009776,-0.000515,0.410408,4.431542,-0.042829,3.465620,4.507581,-0.049265,3.063001
275,4.583333,4.318988,-0.048103,3.145426,4.474938,-0.049368,3.157051,4.346098,-0.046850,2.979955,4.269727,-0.047268,3.073354,4.272057,-0.047685,3.129639,0.010512,0.000596,0.010369,0.310206,-0.000261,0.011089,0.009817,-0.000481,0.410441,4.431543,-0.042801,3.465620,4.507587,-0.049262,3.063010
276,4.600000,4.318995,-0.048110,3.145419,4.474948,-0.049368,3.157045,4.346091,-0.046849,2.979962,4.269745,-0.047261,3.073366,4.272066,-0.047673,3.129632,0.010529,0.000603,0.010394,0.310225,-0.000267,0.011086,0.009778,-0.000511,0.410409,4.431537,-0.042827,3.465612,4.507575,-0.049270,3.063023
277,4.616667,4.318989,-0.048098,3.145416,4.474952,-0.049364,3.157037,4.346104,-0.046853,2.979950,4.269747,-0.047261,3.073353,4.272071,-0.047657,3.129639,0.010531,0.000608,0.010393,0.310182,-0.000282,0.011063,0.009818,-0.000502,0.410411,4.431548,-0.042812,3.465621,4.507582,-0.049266,3.063004
278,4.633333,4.318967,-0.048108,3.145436,4.474947,-0.049354,3.157053,4.346109,-0.046849,2.979959,4.269733,-0.047273,3.073358,4.272057,-0.047671,3.129643,0.010180,-0.000086,0.010116,0.310149,-0.000303,0.011033,0.009777,-0.000548,0.410385,4.431545,-0.042809,3.465609,4.507592,-0.049256,3.063019
279,4.650000,4.318987,-0.048106,3.145432,4.474931,-0.049341,3.157045,4.346109,-0.046851,2.979970,4.269730,-0.047254,3.073354,4.272063,-0.047655,3.129646,0.010160,-0.000128,0.010092,0.310196,-0.000304,0.011082,0.009803,-0.000491,0.410413,4.431551,-0.042827,3.465633,4.507579,-0.049267,3.063013
280,4.666667,4.318977,-0.048104,3.145442,4.474949,-0.049359,3.157052,4.346103,-0.046838,2.979957,4.269743,-0.047249,3.073351,4.272069,-0.047666,3.129642,0.010221,-0.000087,0.010119,0.310155,-0.000303,0.011027,0.009813,-0.000502,0.410424,4.431547,-0.042809,3.465625,4.507564,-0.049271,3.063008
281,4.683333,4.318991,-0.048108,3.145442,4.474952,-0.049357,3.157041,4.346090,-0.046846,2.979966,4.269740,-0.047255,3.073352,4.272064,-0.047654,3.129643,0.010506,0.000596,0.010397,0.310196,-0.000242,0.011118,0.009793,-0.000496,0.410391,4.431544,-0.042819,3.465614,4.507573,-0.049277,3.063019
282,4.700000,4.318980,-0.048101,3.145425,4.474942,-0.049353,3.157046,4.346110,-0.046849,2.979975,4.269727,-0.047246,3.073354,4.272059,-0.047658,3.129651,0.010197,-0.000057,0.010133,0.310209,-0.000289,0.011074,0.009813,-0.000483,0.410417,4.431549,-0.042826,3.465637,4.507579,-0.049283,3.063023
283,4.716667,4.318988,-0.048096,3.145430,4.474941,-0.049370,3.157055,4.346111,-0.046843,2.979978,4.269739,-0.047256,3.073378,4.272080,-0.047682,3.129651,0.010470,0.000570,0.010361,0.310164,-0.000295,0.011043,0.009768,-0.000522,0.410394,4.431531,-0.042825,3.465631,4.507573,-0.049266,3.063004
284,4.733333,4.318980,-0.048107,3.145437,4.474968,-0.049361,3.157057,4.346116,-0.046835,2.979966,4.269740,-0.047263,3.073374,4.272085,-0.047670,3.129644,0.010540,0.000610,0.010408,0.310168,-0.000280,0.011041,0.009796,-0.000488,0.410387,4.431554,-0.042817,3.465609,4.507579,-0.049276,3.063017
285,4.750000,4.318996,-0.048086,3.145422,4.474950,-0.049349,3.157040,4.346104,-0.046851,2.979964,4.269733,-0.047254,3.073355,4.272055,-0.047663,3.129638,0.010490,0.000564,0.010380,0.310213,-0.000269,0.011084,0.009794,-0.000518,0.410410,4.431542,-0.042818,3.465618,4.507588,-0.049263,3.063009
286,4.766667,4.318985,-0.048103,3.145425,4.474952,-0.049354,3.157040,4.346089,-0.046847,2.979949,4.269742,-0.047258,3.073355,4.272082,-0.047652,3.129635,0.010524,0.000585,0.010392,0.310107,-0.000050,0.010785,0.009809,-0.000490,0.410409,4.431554,-0.042801,3.465610,4.507589,-0.049251,3.062989
287,4.783333,4.318984,-0.048104,3.145441,4.474952,-0.049347,3.157045,4.346107,-0.046856,2.979961,4.269750,-0.047250,3.073373,4.272072,-0.047662,3.129641,0.010133,-0.000162,0.010105,0.310256,-0.000242,0.011103,0.009816,-0.000484,0.410432,4.431541,-0.042820,3.465626,4.507582,-0.049266,3.063015
288,4.800000,4.318986,-0.048088,3.145442,4.474960,-0.049356,3.157022,4.346104,-0.046835,2.979959,4.269747,-0.047270,3.073360,4.272074,-0.047668,3.129637,0.010174,-0.000085,0.010109,0.310211,-0.000270,0.011072,0.009808,-0.000518,0.410438,4.431551,-0.042831,3.465620,4.507580,-0.049273,3.063006
289,4.816667,4.318980,-0.048104,3.145444,4.474946,-0.049373,3.157024,4.346107,-0.046847,2.979958,4.269735,-0.047249,3.073345,4.272078,-0.047671,3.129629,0.010567,0.000647,0.010384,0.310130,-0.000346,0.011028,0.009743,-0.000526,0.410392,4.431564,-0.042818,3.465612,4.507578,-0.049257,3.062998
290,4.833333,4.318987,-0.048116,3.145424,4.474955,-0.049375,3.157031,4.346107,-0.046848,2.979952,4.269739,-0.047256,3.073361,4.272074,-0.047669,3.129633,0.010135,-0.000134,0.010072,0.310167,-0.000302,0.011033,0.009789,-0.000515,0.410415,4.431560,-0.042813,3.465609,4.507576,-0.049287,3.063008
291,4.850000,4.319000,-0.048116,3.145433,4.474943,-0.049371,3.157052,4.346106,-0.046850,2.979952,4.269723,-0.047260,3.073350,4.272066,-0.047667,3.129630,0.010563,0.000639,0.010412,0.310141,-0.000321,0.011018,0.009836,-0.000476,0.410455,4.431553,-0.042817,3.465615,4.507574,-0.049273,3.062995
292,4.866667,4.318972,-0.048106,3.145425,4.474957,-0.049362,3.157043,4.346103,-0.046860,2.979951,4.269738,-0.047250,3.073358,4.272081,-0.047656,3.129627,0.010572,0.000621,0.010413,0.310155,-0.000309,0.011059,0.009752,-0.000554,0.410399,4.431548,-0.042815,3.465622,4.507590,-0.049271,3.063015
