X_dist,Y_dist,Z_dist,distance,Touch
-0.0094750000000001,-0.180581,0.195063,0.2659865544628149,1
-0.108954,-0.327331,0.358278,0.4973727806796427,0
0.3396060000000001,-0.549481,0.175158,0.6692846401651543,1
-0.3023389999999999,-0.312481,0.0980859999999999,0.445728740017962,0
0.1949140000000002,-0.191235,-0.0124769999999999,0.2733458764093582,1
0.4029190000000002,-0.32587,-0.0617929999999999,0.5218748435305156,0
-0.3520910000000001,-0.5506810000000001,-0.384329,0.7582390231866204,0
0.075736,-0.318751,0.407782,0.523091102219298,0
-0.0729579999999998,-0.2576319999999999,0.1933060000000001,0.3302488861813162,1
0.2159709999999997,-0.30815,0.33491,0.5037505369138576,0
-0.200536,-0.1100099999999999,-0.156592,0.277196576205407,0
0.37249,-0.378818,0.18033,0.5610443709048332,0
0.218668,0.1155049999999999,-0.095106,0.2649570729099339,0
0.2750959999999995,-0.407869,0.196328,0.5296976627860461,0
0.2985519999999999,-0.328782,0.265309,0.5173197905638253,0
-0.161972,-0.2810119999999999,-0.0410239999999999,0.3269336958834313,1
0.071603,-0.3508829999999999,0.383382,0.5246214132324376,0
0.3615520000000001,-0.581847,0.381511,0.7841023040611474,0
-1.1335769999999998,-0.017125,-0.1004830000000001,1.1381506551608185,0
0.1002070000000001,-0.604273,-0.2851479999999999,0.6756453827874501,1
0.2925380000000002,-0.475624,-0.149451,0.5780417564683369,1
0.2071660000000004,-0.390238,0.0186979999999999,0.4422138209102019,0
0.2118309999999998,-0.187022,0.01016,0.2827593086796612,1
-0.0978699999999999,-0.334932,-0.354967,0.4977545103894087,0
-0.1729119999999997,0.402354,0.714744,0.8382399934362473,0
0.1499800000000002,-0.675462,-0.416829,0.8077681159126052,0
0.3541259999999999,-0.563407,-0.186151,0.6910027976253063,0
-0.0491590000000001,-0.675712,0.498812,0.8413184448049383,0
-0.037017,-0.6764479999999999,0.4335989999999999,0.8043383913465774,0
-0.1254170000000001,-0.1306009999999999,0.097163,0.2054913469200102,1
0.1961750000000002,-0.308703,0.348411,0.505145917290242,0
0.4930970000000001,-0.6722859999999999,0.16165,0.8492607607237014,0
-0.0119090000000001,-0.3715,-0.16398,0.4062554795704299,1
0.0276559999999999,-0.398814,-0.243344,0.4680104307256409,1
0.0771589999999999,-0.28122,0.166161,0.3356302691981163,1
-0.1907660000000002,-0.257698,0.0172939999999999,0.3210903430438231,1
0.456423,-0.343448,-0.087417,0.5778583005564599,0
-0.1917749999999998,-0.6775730000000001,0.288657,0.7610556383097099,0
-0.5147069999999999,-0.665424,-0.090449,0.8461048500191923,0
-0.6587260000000001,0.042072,-0.136298,0.6739934280569805,0
-0.2705819999999996,-0.6766110000000001,0.2287,0.7637543807042942,0
-0.7062840000000001,-0.887488,0.096453,1.138321228831739,0
0.3193009999999998,-0.676956,0.110242,0.7565552544930211,1
0.9426230000000002,-0.342365,0.955306,1.3850492651851776,0
-0.193114,-0.0709389999999999,-0.128136,0.242372014087848,0
-1.531547,0.013636,-0.251831,1.552172994954493,0
-0.126341,-0.118417,-0.0648239999999999,0.1848966877637347,1
0.1824149999999997,-0.104042,0.005831,0.2100808666918525,1
-0.2206729999999999,-0.345938,0.33709,0.5310361012897333,0
-0.003157,-0.416978,-0.25007,0.4862258981512606,1
0.3581020000000001,-0.5834520000000001,-0.278483,0.7390575485014683,0
0.1949719999999999,0.083813,0.111298,0.2396371101415637,0
-0.0703,-0.341642,0.386008,0.5202533250523249,0
0.4102030000000001,-0.5850489999999999,0.2104079999999999,0.744862645105794,0
-0.1878490000000003,-0.313987,0.039579,0.3680238853810988,1
-0.0532379999999998,-0.5866020000000001,-0.305616,0.6635791817891818,1
0.0580540000000002,-0.055726,0.3128649999999999,0.323048235124416,0
0.2247209999999997,-0.320503,0.0928469999999999,0.4022962419150841,0
-0.319191,-0.4192419999999999,-0.221852,0.5717211373991694,0
-0.1180189999999998,-0.3444089999999999,0.3650469999999999,0.5155631443877655,0
0.1566809999999998,-0.439462,-0.1507360000000001,0.4903030969726787,1
-0.3745880000000001,-0.677967,-0.105423,0.7817093013147536,1
0.4267240000000001,-0.336158,0.0400609999999999,0.5447021726237193,0
0.3417319999999999,-0.44502,-0.283923,0.6288368867623781,0
-0.1688930000000001,-0.437413,0.137594,0.4886584562391201,1
-0.1758329999999999,-0.220117,0.178653,0.3335950119336318,0
-0.1780820000000003,-0.1270529999999999,-0.088274,0.2358982039121962,0
0.183165,-0.673304,0.3965839999999999,0.802599877085089,0
0.0818989999999999,-0.4370719999999999,0.251529,0.510887675742917,1
-0.1450009999999999,-0.677834,-0.319091,0.7630879948197324,1
0.3307520000000004,-0.393197,-0.184249,0.5458465538170963,0
-0.464976,-0.677719,0.2743699999999999,0.8664782861889846,0
0.599785,-0.6759609999999999,-0.16503,0.9186404196670208,0
-0.2279239999999998,0.153729,-0.10601,0.294652465316345,0
0.1606419999999997,-0.102268,-0.0289159999999999,0.1926155005289032,1
0.1559810000000001,-0.0893119999999999,0.0378409999999999,0.1836808291194266,1
-0.28227,-0.531263,-0.183551,0.6289735270025282,1
-0.4437009999999999,-0.5145230000000001,0.263026,0.7285514200150872,0
0.3785789999999998,-0.340001,-0.1842749999999999,0.5411839011528334,0
0.1150759999999997,-0.577922,0.357372,0.6891669393144161,1
-0.2473300000000002,-0.3296189999999999,0.236014,0.4748930640228388,0
0.0007580000000002,-0.0936519999999999,0.1913329999999999,0.2130248543175185,1
0.0375799999999999,-0.267031,0.183265,0.3260427450289302,1
-0.5104129999999998,-0.4811269999999999,0.131096,0.7135760519482137,0
-0.2782509999999999,-0.629931,0.225825,0.7247300286223829,1
-0.3167490000000001,-0.460803,0.042339,0.5607690475864374,1
0.2387179999999999,-0.604495,0.30646,0.7185528652430522,0
0.0979909999999999,-0.12441,0.148992,0.217436658006418,1
-0.1530020000000003,-0.456467,0.281711,0.5577928124438322,0
-0.3251480000000001,-0.10669,0.128538,0.3655488961110402,0
-0.1896420000000001,-0.36354,0.195567,0.4542817091332206,0
0.038148,0.1028029999999999,-0.257789,0.2801408489206813,0
-0.138884,0.12245,0.1459859999999999,0.2357852415907323,0
-0.5809690000000001,0.004831,-0.248939,0.632075108862072,0
-0.1757639999999996,-0.451952,0.267104,0.553622742321881,0
-0.452735,-0.676774,-0.340846,0.8827049467500451,0
0.5558569999999996,-0.6635759999999999,0.656887,1.086651113740744,0
-0.342791,-0.6789510000000001,-0.173593,0.78013759025636,1
1.3334710000000003,-0.267532,0.922612,1.6434509975685314,0
0.1431169999999997,0.0950499999999999,-0.190806,0.2567565146690535,0
0.041071,-0.482785,0.396912,0.6263444092589955,0
-0.18873,-0.3394849999999999,-0.0070969999999999,0.3884835202862535,1
0.3702769999999999,-0.426828,-0.1463459999999999,0.58369885217379,0
-1.078645,-0.0142219999999999,-0.0810039999999999,1.0817758313647978,0
-0.2898209999999999,-0.331234,-0.320767,0.5446132968317978,0
0.1271599999999999,-0.410152,-0.285621,0.5157263657648308,0
0.0864599999999999,-0.162432,0.3068010000000001,0.3577517852156717,0
-0.3384770000000001,-0.4259469999999999,0.0319489999999999,0.5449938210099267,0
-0.0776530000000002,-0.464371,0.329659,0.574756879324641,0
-0.92143,-0.325489,-0.8482550000000001,1.2940297056273478,0
0.612584,-0.676494,-0.0757269999999999,0.9157717333599024,0
-0.2129919999999998,-0.357361,-0.0007449999999999,0.4160204699410835,1
-0.1700949999999998,-0.065031,0.1060349999999999,0.2107243726079163,0
-0.0775279999999996,-0.4757099999999999,0.3381729999999999,0.5887882240780634,0
-0.2934509999999999,-0.4795569999999999,-0.00043,0.5622175651382656,1
0.0223979999999999,-0.114226,0.182134,0.2161528242609844,0
0.3535399999999997,-0.424773,-0.1190379999999999,0.5653252856303173,0
-0.190493,-0.398115,0.204986,0.4866234647753846,0
-0.1778429999999997,-0.435869,0.1063809999999998,0.4826249423423948,1
0.1540510000000003,-0.3757959999999999,0.167275,0.4392439753052967,1
-0.2127279999999998,-0.385755,0.0483289999999998,0.4431656735917166,1
0.0410239999999997,-0.0030949999999999,0.058225,0.0712930447238717,0
0.2270769999999999,-0.677176,-0.2479249999999999,0.7560410733088514,1
0.270094,-0.348397,0.0850719999999999,0.4489637887725468,1
-0.302904,-0.603471,-0.0855859999999999,0.6806269495494577,1
0.289997,-0.347794,-0.305737,0.5463826860488902,0
-0.368688,-0.2311099999999999,0.0048759999999999,0.4351625544782088,0
0.2537919999999998,-0.519433,0.530008,0.7843019194270787,0
0.366193,-0.671262,0.277112,0.8133148507417038,0
0.3502670000000001,-0.569928,-0.2740199999999999,0.7229051506753843,0
0.0839429999999996,-0.476535,0.60971,0.7783818584563749,0
0.020982,-0.440153,-0.3181889999999999,0.5435247441046267,1
0.3463929999999999,-0.6747380000000001,0.069921,0.7616747503587079,0
0.031976,-0.673685,-0.364649,0.7667090954214643,1
-0.0463020000000002,-0.2087599999999999,0.2363179999999999,0.3187017570205724,1
-0.144444,-0.115573,-0.023622,0.1864917862775731,1
-0.389888,-0.559592,-0.135949,0.6954408598932047,0
-0.3067419999999998,-0.31885,0.071159,0.4481289773547343,0
-0.5244940000000002,-0.486213,0.084965,0.7202194725429188,0
0.1715560000000002,-0.3510999999999999,-0.288012,0.4854416373571596,0
0.2615,-0.276268,0.1816589999999999,0.4215521914366002,0
-0.0299079999999998,-0.677393,-0.311806,0.7463100873959831,1
-0.057449,-0.676094,0.503632,0.8450140092690771,0
-0.334629,-0.4248939999999999,0.0472529999999999,0.5429036055194328,0
-0.1939590000000004,-0.326549,-0.009057,0.3799162701583075,1
-0.0862859999999998,-0.489754,0.439724,0.6638233578957583,0
-0.0461249999999999,-0.67476,0.333671,0.7541650412648415,1
-0.3428429999999998,-0.4193389999999999,-0.2047909999999999,0.5790732883245434,0
0.0483319999999998,-0.415901,-0.319274,0.5265410820638785,0
-0.1138639999999999,-0.168288,0.1328949999999999,0.2427899142571618,1
0.2223249999999996,-0.676435,0.292557,0.7697936821636041,1
-0.1690040000000001,-0.339208,-0.0753709999999999,0.3864003195146195,1
-0.2305920000000001,-0.23517,-0.212295,0.3918504388015918,0
0.1120309999999999,-0.315251,0.392605,0.5158224733248834,0
0.3660510000000001,-0.608662,-0.310357,0.7751027237044135,0
0.184695,-0.536822,-0.388981,0.6881833484399343,0
-0.146171,0.0680779999999999,0.09853,0.1889675533656506,1
-0.1541830000000001,-0.6772239999999999,0.363591,0.783966299623906,1
-0.0760639999999996,-0.469852,0.34024,0.5850725524240561,0
-0.4741429999999997,-0.671909,0.376842,0.9045900627875588,0
-0.1586370000000001,-0.426044,-0.170574,0.4855663468373812,1
-0.1719700000000004,-0.047292,0.068045,0.1908935205526896,0
-0.0531739999999998,-0.585781,0.3687669999999999,0.6942304765177051,1
0.067504,-0.677632,-0.2946729999999999,0.7420068021042665,1
-0.2223190000000001,-0.448953,0.207573,0.5422832141040326,1
-0.1418159999999999,-0.318329,-0.233425,0.4194429171198388,1
-0.0490699999999999,-0.67464,0.479326,0.8290358308155323,0
0.1216460000000001,-0.348148,0.389278,0.5362295595209202,0
0.2750880000000002,-0.354855,-0.243862,0.5109443744802364,0
0.3922859999999999,-0.4206129999999999,-0.0316039999999999,0.576022928693815,0
-0.1025879999999999,-0.6791320000000001,0.361127,0.7759879388862948,0
0.2277269999999998,0.0792399999999999,0.166897,0.2932459253561759,0
-0.19652,-0.0886679999999999,-0.1436860000000001,0.2590903147938958,0
-0.1595910000000002,-0.162167,-0.089581,0.2445243929161263,1
-0.2896670000000001,-0.4184989999999999,-0.241036,0.5631578261784169,0
0.10576,-0.3008769999999999,-0.201975,0.3774997315946065,1
-0.4300799999999998,-0.461691,-0.03758,0.6320914825252748,0
0.0325209999999995,-0.0427559999999999,0.2364379999999999,0.2424636443283816,1
-0.2985009999999999,-0.310536,0.1269919999999999,0.4490683938566596,0
-0.4301319999999999,-0.512791,0.28688,0.7281952221108018,0
0.5453619999999999,-0.67311,-0.277582,0.9096969549624754,0
0.1889960000000003,-0.3648099999999999,0.123283,0.4289574829805399,1
0.3011780000000001,-0.35325,0.2618879999999999,0.5329906891569496,0
-0.1473789999999999,-0.001197,0.061558,0.1597228531362997,1
0.0923739999999999,-0.444682,-0.281162,0.5341601887486562,1
0.1753260000000001,-0.297044,0.357809,0.4969925801186574,0
0.0620660000000001,-0.40512,0.266239,0.4887306086966521,0
-0.33202,-0.426283,0.061401,0.5438056263868553,0
-0.0858559999999997,-0.140714,-0.130745,0.2103947184627027,1
-0.4778880000000001,-0.49548,0.205277,0.7183425489785498,0
-0.0543529999999998,0.117418,0.2366579999999999,0.2697188245136034,0
0.3690380000000002,-0.403896,0.0554669999999999,0.549906912439733,0
0.3929149999999999,-0.393741,0.140569,0.5737367131943013,0
-0.0069949999999998,-0.437052,-0.1686489999999999,0.4685145311833988,1
-0.029203,-0.182219,-0.183028,0.2599150398764951,1
-0.487136,-0.5706370000000001,-0.270522,0.7975651827587512,0
0.4208389999999999,-0.464593,0.017935,0.6271154469433838,0
-0.0621260000000001,-0.394656,0.266155,0.4800536243348237,0
-0.0093419999999997,-0.153035,-0.250312,0.2935354859859366,0
0.3865180000000001,-0.3497709999999999,0.1856879999999999,0.5533678253286868,0
-0.2089820000000002,-0.136652,-0.000863,0.249695795313017,0
0.1456699999999999,-0.191994,-0.214137,0.3223912215073481,0
0.4423590000000001,-0.062888,0.017454,0.4471476574253746,0
-0.2698360000000001,-0.438527,0.163237,0.5401515665014776,1
0.0599799999999999,-0.516141,0.3325599999999999,0.6169240519553439,1
-0.3670059999999999,-0.6030389999999999,-0.129486,0.7177158656132661,1
-0.0184870000000003,-0.196367,0.480869,0.5197468258864117,0
-0.2514419999999999,-0.3526789999999999,-0.112227,0.4474376559186765,0
0.1823739999999998,-0.5747450000000001,0.338568,0.6915348013838494,0
-0.168736,-0.199959,-0.18081,0.3180372548570371,0
0.272885,-0.450881,0.052118,0.5296000238953922,1
0.0071749999999999,-0.675448,0.4758760000000001,0.8262804903330346,0
-0.0328000000000003,-0.3383949999999999,-0.355076,0.4915953435509738,0
0.1429489999999997,-0.385243,0.22185,0.4669732413639992,0
-0.1810779999999998,-0.547945,0.542741,0.7922125713405462,0
0.1546379999999998,-0.14841,0.0939439999999999,0.2340169102436829,1
-0.1269129999999996,0.090885,-0.265821,0.3082657892712065,0
-0.2177839999999999,-0.5498810000000001,0.515223,0.7843811092485592,0
-0.261425,-0.679957,-0.26098,0.7738185270940467,1
0.2122160000000001,-0.679052,-0.3682789999999999,0.8011096499237792,0
-0.184838,-0.677146,-0.3025139999999999,0.7643340315307177,1
0.0110489999999998,-0.328983,0.406929,0.5233957448537387,0
-0.1632959999999998,-0.597375,-0.301679,0.6888633342557869,1
0.1348289999999998,-0.665413,-0.569691,0.8862850305014747,0
-0.0302599999999999,-0.3255849999999999,0.3678040000000001,0.4921392508640212,0
0.1437160000000001,-0.3218959999999999,-0.4032499999999999,0.5356135602951068,0
0.1821359999999998,-0.20969,0.351097,0.4476745715416501,0
0.1969739999999999,-0.330413,0.366606,0.5313863627164325,0
-0.055941,-0.6769040000000001,0.5036330000000001,0.845561718259525,0
-0.2848420000000002,-0.424815,0.147133,0.5322131799175968,0
0.0771239999999999,-0.355147,-0.3191859999999999,0.4836912295886705,0
0.3237079999999999,-0.343078,0.2363199999999999,0.5275760852692244,0
-0.0830109999999999,-0.209947,-0.196277,0.2991541904419859,0
0.4133210000000002,-0.581681,0.177481,0.7353139058680994,0
0.1375380000000001,-0.1151419999999999,0.1389409999999999,0.226889803845391,0
-0.2738290000000001,-0.595966,0.2028769999999999,0.6865252155063207,1
-0.388818,-0.676243,0.408259,0.8804313961087485,0
0.002027,-0.677866,-0.303663,0.7427769788126177,1
0.211875,-0.4390619999999999,-0.0635529999999999,0.4916354739825025,1
0.3434269999999997,-0.5918190000000001,-0.008681,0.6843005135545347,0
0.0007039999999998,-0.4345249999999999,0.2413609999999999,0.4970589538093041,1
-0.1734140000000001,-0.1644319999999999,0.165621,0.2907586863036082,0
0.14873,-0.1207749999999999,0.326832,0.378848742572811,0
-0.552044,-0.522202,-0.051088,0.7616150540030049,0
0.0763280000000001,-0.341239,0.3610199999999999,0.5025987058329936,0
0.0905039999999997,-0.681506,-0.6656580000000001,0.9569440814467688,0
0.1104699999999998,-0.472405,0.404627,0.6317381689070243,0
0.42069,-0.3697699999999999,0.0790959999999999,0.5656554660002853,0
0.1972229999999999,-0.1852479999999999,-0.0297,0.2722054797997277,1
-0.1842700000000001,-0.439576,0.1141039999999999,0.4901042904239873,1
0.0276840000000002,-0.1877649999999999,-0.2386179999999999,0.3048944883152202,0
-0.3485290000000001,-0.422238,-0.0283789999999999,0.5482360441689328,0
-0.8961600000000001,-0.597871,-1.762274,2.0654689853195567,0
0.1612769999999999,-0.576585,0.2841190000000001,0.6627096944477273,1
-0.4018079999999999,-0.5567599999999999,-0.3593309999999999,0.7749516978657442,0
-0.3636939999999997,-0.418583,-0.084975,0.5609864562981889,0
-0.090224,-0.1199489999999999,-0.1618639999999999,0.220744393525634,0
-0.1744699999999999,-0.4751839999999999,0.3038369999999999,0.5903867692665545,1
0.1144859999999998,-0.402173,0.348244,0.5441728123133313,0
0.220304,-0.413047,-0.2451409999999999,0.5284276549405793,0
-0.028162,-0.676994,0.5552800000000001,0.8760421523419978,0
-0.6039840000000001,0.0262959999999999,-0.20572,0.6385991467830192,0
0.283198,-0.678218,0.261618,0.7801440512187476,0
-0.1336080000000001,-0.3477930000000001,-0.34939,0.510768480441971,0
-0.1026159999999998,-0.458643,0.266027,0.5400498214368745,1
-0.259558,-0.677963,-0.601138,0.9425343918271628,0
0.2048579999999999,-0.433733,-0.6138399999999999,0.7790318742214595,0
0.3767719999999999,-0.360855,-0.118044,0.534890509305409,0
-0.3463259999999999,-0.424908,-0.0114959999999999,0.548288851570046,0
-0.130284,-0.4637149999999999,0.312922,0.5743915911336098,0
-0.3269120000000001,-0.677166,0.097053,0.758185024983348,1
-0.4603030000000001,-0.5085630000000001,0.2366699999999999,0.7256223988260011,0
0.0927759999999997,-0.317052,0.400976,0.5195297002636134,0
0.2849509999999999,-0.675774,-0.1963739999999999,0.7592300832771315,1
-0.5792660000000001,-0.944812,2.034685,2.316929404044284,0
-0.3219699999999998,-0.4271589999999999,0.092031,0.5427699302116873,0
-0.094405,-0.675191,-0.362161,0.7719817228581258,1
-0.177267,0.013168,0.1272109999999998,0.2185855073741165,1
-0.0911039999999998,-0.098094,0.1283969999999999,0.1854943698903014,1
0.3042169999999999,-0.674211,-0.1756080000000001,0.7602280087407988,1
-0.313855,-0.605993,0.0300819999999999,0.6831086325014493,1
0.1817229999999998,-0.4388109999999999,-0.0950149999999999,0.4843616341897858,1
0.1998409999999999,0.0589009999999999,-0.0737219999999999,0.2209992904196752,1
0.1607769999999999,-0.673812,-0.221392,0.7272456756399449,1
0.1473489999999997,0.1659569999999999,0.112892,0.2489940909218528,0
-0.3429629999999997,-0.42073,0.030144,0.5436414379027779,0
-0.470679,-0.570236,-0.297459,0.7969878753268459,0
-0.2308449999999999,-0.403816,-0.283122,0.5445317646978917,0
-0.3472159999999999,-0.1515309999999999,0.6381939999999999,0.7421672158300984,0
-0.418495,-0.5034069999999999,0.310046,0.7243515685010974,0
-0.5330009999999996,-0.4958859999999999,0.0353629999999999,0.728864550356237,0
0.1074569999999996,-0.5720609999999999,0.371351,0.6904363546127912,0
-0.11172,-0.2745999999999999,0.1557579999999999,0.3348836707933069,1
-0.19672,-0.0557119999999999,0.109666,0.2320112430465386,1
-0.033209,-0.316195,-0.274279,0.4198941361188556,1
-0.1070109999999999,-0.300169,0.257364,0.4096205697691462,1
0.3856630000000001,-0.419465,0.03405,0.5708294301225193,0
-0.386924,-0.516613,0.3636879999999999,0.740856352398358,0
-0.1078339999999999,-0.462222,0.266413,0.5442914985639589,1
-0.1460409999999998,-0.3616499999999999,-0.340073,0.5174633721433817,0
-0.2552649999999996,-0.462185,0.1688509999999999,0.5543337033331095,1
0.320818,-0.678678,0.161679,0.7678985062161535,0
-0.203977,-0.674236,0.5391879999999999,0.8870876504432919,0
-0.1045359999999999,0.2171480000000001,-0.1939879999999999,0.3093741639891735,0
-0.272672,-0.674175,0.5192849999999999,0.8935988257792195,0
-0.2144990000000001,-0.6760290000000001,-0.287219,0.765192644896042,1
-0.3341589999999996,-0.608551,0.0816699999999999,0.6990468838225371,1
-0.1208420000000001,-0.1140569999999999,-0.1040829999999999,0.1960741163488949,1
0.1345619999999998,-0.115782,-0.096001,0.2018132685652754,1
-0.3150059999999999,-0.6784880000000001,0.1936419999999999,0.7727043227160051,0
0.1760049999999999,-0.309289,0.362367,0.5078851132244379,0
-1.276099,-0.0153959999999999,-0.153971,1.2854465229864678,0
-0.0948519999999999,-0.343799,0.376586,0.5186633491013222,0
0.1296720000000002,-0.412369,0.186969,0.4709781594787598,1
0.2151999999999998,-0.0814749999999999,-0.0299299999999999,0.2320452984333014,0
0.2243440000000001,-0.667243,-0.536953,0.8853598000779118,0
-0.5432519999999998,-0.5133179999999999,-0.0155899999999999,0.7475701657556967,0
0.2967039999999996,-0.418625,-0.189601,0.547018001021904,0
-0.1309489999999999,-0.462613,-0.306531,0.570192671235785,1
-0.0718450000000001,-0.192296,0.2236119999999999,0.3035486487945549,1
-0.1637300000000001,0.082245,-0.276188,0.3314386282089039,0
-0.1891059999999997,-0.0557649999999999,-0.1089499999999999,0.225257445961282,0
-0.1194109999999999,-0.3389409999999999,-0.3532449999999999,0.5039067556870019,0
-0.1851200000000004,-0.0910399999999999,-0.0392589999999999,0.2099975358926864,1
0.078281,-0.362968,0.387948,0.5370077603619896,0
-0.1639749999999997,-0.344687,0.334533,0.5075522206463094,0
-0.3257840000000001,-0.400782,0.0406,0.5180827985756717,0
-0.3159939999999999,-0.338584,0.016532,0.4634270601896267,0
-0.1863139999999998,-0.045015,-0.087059,0.2105196577567044,0
-0.1824280000000002,0.0255299999999999,-0.1039259999999999,0.2115002826475654,1
0.431251,-0.5578919999999999,0.1090229999999999,0.7135172900455882,0
0.3137720000000001,-0.39867,0.141892,0.5268054446833291,0
0.0554590000000003,-0.382657,-0.1426549999999999,0.4121316893360665,1
-0.1892789999999999,-0.314837,0.0286669999999999,0.3684707224448096,1
-0.2299540000000002,-0.334994,0.263282,0.4841665350641245,0
0.402349,-0.306371,0.0325239999999999,0.5067600201456307,0
0.2670590000000001,-0.429034,-0.253775,0.5655019303786681,0
0.193238,-0.415558,0.286209,0.5403193201145042,0
0.2392109999999998,-0.287875,0.0846759999999999,0.3837498444586003,1
0.0937799999999997,-0.301557,0.3411849999999999,0.464906998091016,0
0.0975699999999999,-0.6739379999999999,0.323586,0.7539364907868567,1
0.3201180000000001,-0.321677,0.0990449999999999,0.4645013867342056,0
0.0761979999999999,-0.0898609999999999,0.1238409999999999,0.1709319391044283,1
-0.091431,-0.0970969999999999,0.144278,0.1964779795651411,1
-0.258553,-0.413386,-0.261275,0.5531747141997725,0
0.407543,-0.318964,-0.0325839999999999,0.5185470539893173,0
-0.0561409999999999,-0.6769280000000001,0.5035200000000001,0.8455268886706089,0
0.4468860000000001,-0.339175,-0.024251,0.5615468712600936,0
-0.082902,-0.1108509999999999,-0.1540889999999999,0.2071330628509122,1
-0.348999,-0.46795,-0.0668359999999999,0.5875751487231229,1
0.187837,-0.575448,-0.379467,0.7144356817530882,0
0.0525059999999997,-0.67403,0.394789,0.782899530883114,0
-0.2812190000000001,-0.382878,-0.2038839999999999,0.5169607086626605,0
-0.266696,-0.434646,0.1775389999999999,0.5399666640201041,0
0.1326749999999998,-0.1423029999999999,0.0843039999999999,0.2120376472468979,1
-0.1621430000000003,-0.3738829999999999,-0.32898,0.5237429622801629,0
-0.0840130000000001,-0.088624,-0.186062,0.2225566565820937,0
0.1962249999999996,-0.677465,0.3192049999999999,0.7741801527260951,0
0.2646740000000003,-0.4532459999999999,-0.1239379999999999,0.5393003714406287,1
-1.178759,-0.0489739999999999,-0.7895929999999999,1.4196226042177549,0
-0.3540379999999999,-0.675217,0.456018,0.888376788787843,0
-0.1704489999999998,-0.328538,0.3514079999999999,0.5103701220771057,0
-0.2029679999999998,-0.572888,0.312337,0.6833381821155612,0
-0.200392,-0.599521,0.290213,0.6955616209035689,1
-0.133432,-0.292114,0.3511050000000001,0.4758249769032727,0
0.3013680000000001,-0.562002,0.228902,0.6775433897781012,0
0.0088410000000003,-0.387859,-0.264292,0.4694284060706169,0
0.354613,-0.508602,-0.047803,0.621861319734553,1
1.386548,-0.281812,0.957501,1.7084324758822047,0
0.207252,-0.4417360000000001,-0.284923,0.5650355751003648,0
-0.0429439999999998,-0.339043,0.3961159999999999,0.5231655841519012,0
-0.2104950000000003,-0.3398929999999999,0.288554,0.4930505120066301,0
0.4050189999999998,-0.40507,0.09118,0.5800309368137185,0
-0.1694939999999998,-0.4306569999999999,-0.1726729999999999,0.4939733116414285,1
-0.2969520000000001,-0.397689,-0.166713,0.5235744984183245,0
-0.2434929999999999,-0.387276,-0.172862,0.4890325268006208,0
-0.2301799999999999,-0.619324,-0.285,0.7195624013079059,1
0.1696809999999997,-0.335069,0.377002,0.5321591721712593,0
0.1580350000000001,-0.670875,-0.25736,0.7357190336330847,1
-0.0177910000000001,-0.1749819999999999,-0.200032,0.2663606972302783,1
0.0500530000000001,-0.502429,0.609949,0.7918194146716788,0
0.0174749999999996,-0.414108,-0.3273130000000001,0.5281331378146992,0
-0.6997010000000001,0.2228209999999999,0.619279,0.960592092036469,0
0.1440190000000001,-0.678458,-0.2843249999999999,0.749591512592025,1
-0.0737620000000003,-0.465003,0.342539,0.5822384298326588,0
-0.450774,-0.675778,-0.068922,0.8152443476921505,0
-0.0886310000000003,-0.565992,0.376839,0.6857186231582165,0
0.0918219999999996,-0.3878399999999999,0.3649189999999999,0.5403859933834332,0
-0.1831390000000001,-0.448561,0.355365,0.6008586749536035,0
-0.0015899999999999,-0.414786,-0.246839,0.4826794441624794,1
0.0273080000000001,-0.129132,-0.198277,0.238190195047991,0
0.256583,-0.444209,-0.04069,0.5145990163904319,1
0.073703,-0.359911,0.380836,0.5291541543123328,0
0.0336560000000001,-0.0139399999999999,0.172877,0.1766734475381063,0
-0.0612199999999998,-0.433536,0.234989,0.4969116438734355,1
0.3347869999999999,-0.6724019999999999,-0.1560069999999999,0.7671668456222545,1
0.4209269999999998,-0.571899,0.1422619999999999,0.7242143896485349,0
-0.0567029999999999,-0.676882,0.503675,0.845619877816268,0
-0.4988069999999998,-0.570069,-0.244987,0.7961191607912723,0
-0.016321,-0.525844,0.3583180000000001,0.6365297137612667,1
-0.2124809999999999,0.1289579999999999,0.0517719999999999,0.2538871424649148,0
0.1523240000000001,-0.41008,-0.273231,0.5157745502998379,0
-1.3884710000000002,-0.0017939999999999,-0.1983599999999999,1.4025696509895689,0
-0.1594299999999999,-0.2930699999999999,0.106568,0.3502351901565574,1
-0.3523179999999999,-0.4202829999999999,-0.046506,0.5503894814120269,0
0.258747,-0.564842,-0.1977390000000001,0.6519947906954472,1
-0.1441559999999999,-0.2200609999999999,-0.0948169999999999,0.2796391595359991,1
-0.5232519999999998,-0.5501940000000001,-0.15058,0.7740674580034999,0
0.26187,-0.327929,0.332567,0.535456940780489,0
-0.0262999999999999,-0.2661519999999999,0.28586,0.3914645791179579,1
-0.55437,-0.057541,-0.375656,0.6721268436217973,0
0.360703,-0.6041000000000001,-0.297986,0.7640936594456206,0
0.308659,-0.55138,0.47158,0.7884655852229696,0
0.3567719999999998,-0.575772,-0.272529,0.7301176013554254,0
0.1824859999999999,-0.377638,-0.186518,0.4590213105771887,0
-0.0724230000000001,-0.4134899999999999,-0.662864,0.784606750879063,0
-0.3233889999999997,-0.5511809999999999,-0.224927,0.6774755312267741,0
-0.1407690000000001,-0.344182,0.350885,0.5112704213134182,0
-0.068268,-0.671187,-0.6183879999999999,0.915180980646451,0
0.3296070000000002,-0.564198,0.4411,0.7883713386805739,0
-0.056481,-0.6764690000000001,0.5027290000000001,0.8447111096481449,0
0.0614209999999999,-0.613139,0.568129,0.8381423108297301,0
0.226636,0.08782,-0.006111,0.2431328303972954,0
-0.4486589999999997,-0.672593,0.432535,0.9169311687116976,0
-0.0627689999999998,-0.674196,0.4802579999999999,0.8301373021018872,0
-0.1681350000000003,-0.1561979999999999,0.0942699999999999,0.2481008390332449,1
0.2815920000000003,-0.573349,-0.31402,0.7117806478578917,0
0.1556009999999998,-0.649258,0.313093,0.7374109087978018,1
-0.4927239999999999,0.0620669999999999,-0.237476,0.5504762512960936,0
-0.345917,-0.4086629999999999,-0.2432029999999999,0.5880575802308818,0
0.2320649999999999,-0.672865,0.3692660000000001,0.8018471495278886,0
-0.055879,-0.676961,0.5036430000000001,0.8456092062004766,0
0.2831519999999998,-0.535666,0.501509,0.7865267927674173,0
0.177111,-0.1874869999999999,0.0420549999999999,0.2613203101846467,0
0.004572,-0.6752210000000001,0.389119,0.779331699718419,1
0.1515459999999997,0.111754,-0.1683619999999999,0.2525884195207688,0
-0.1069330000000001,-0.43678,0.2110639999999999,0.4967488771854447,1
0.1597649999999997,-0.3028359999999999,0.239107,0.4176202288802589,0
-0.357564,-0.419617,-0.065365,0.5551603588243671,0
-0.117375,0.0698889999999999,0.11592,0.1791614058495858,1
0.0417199999999997,-0.350415,-0.332163,0.4846271651424422,0
0.136811,-0.1021569999999999,-0.096346,0.1960506416362874,1
0.00303,-0.61688,-0.374204,0.7215114336696266,1
0.1730940000000003,-0.678708,0.182003,0.7236927345973566,1
-0.3573979999999999,-0.533989,0.393074,0.7532494619984803,0
0.3744910000000003,-0.424969,-0.0817489999999999,0.5722980508817065,0
-0.409923,-0.55698,-0.0577189999999999,0.6939705103893105,0
-0.0938459999999998,-0.606631,0.3543889999999999,0.7088016684503501,1
0.0246089999999998,0.0098829999999999,-0.178891,0.1808459743842809,1
0.3386249999999999,-0.583855,0.068096,0.6783735083757325,0
-0.1308930000000001,-0.4253559999999999,-0.171394,0.4769031425992074,1
-0.243074,-0.288936,-0.2235009999999999,0.4387729237008592,0
0.2356070000000001,-0.4369769999999999,0.1068879999999999,0.5078233959970729,1
0.3345529999999996,-0.395949,0.1145889999999999,0.530878478873461,0
-0.238349,-0.6779540000000001,0.287776,0.7741103914126203,1
-0.0114729999999996,0.06889,0.1855960000000001,0.1983011271904424,1
-0.0888530000000002,-0.576211,-0.367282,0.689064612103974,0
-1.1977349999999998,-0.018584,-0.124271,1.204308007414216,0
-0.1226310000000001,-0.673273,0.47049,0.8304792199627876,0
-0.0588929999999998,-0.6745749999999999,0.3597580000000002,0.7667761307174344,1
-0.318073,-0.36556,-0.038644,0.4861048299132606,0
0.3496699999999997,-0.359995,0.20935,0.5437765454899649,0
-0.1698620000000001,-0.189863,0.129915,0.2859702170471604,0
0.2941040000000003,-0.3305229999999999,0.3082199999999999,0.539205141615879,0
0.1843670000000004,-0.348152,0.204515,0.4438776757373592,0
-0.1071740000000001,-0.678443,-0.313714,0.7551077037886715,1
-0.0005999999999999,0.06258,-0.196931,0.206635996769682,1
0.0438020000000001,-0.217754,0.1846619999999998,0.2888519931798982,1
0.2270949999999998,0.102835,-0.106606,0.271130993222833,1
0.1648499999999999,-0.1319049999999999,0.0553289999999999,0.2182561563072161,1
0.0633639999999999,-0.1005589999999999,-0.122777,0.1708838807670284,1
-0.1693679999999999,-0.6775209999999999,-0.639744,0.947096938228078,0
-0.0529130000000002,-0.4339370000000001,0.263729,0.5105429374489476,1
0.1778719999999998,-0.253112,0.360929,0.4753670960100204,0
-1.02184,-0.1810959999999999,-0.7697630000000001,1.2920866158988724,0
0.214849,-0.389108,0.058166,0.4482726982775106,1
-0.0897390000000002,-0.6768839999999999,0.379693,0.7812757591439785,1
0.323617,-0.3491569999999999,-0.224426,0.5263132174038573,0
-0.1323629999999998,-0.17922,0.1564009999999999,0.2722150711661644,1
-0.2203349999999999,-0.1906759999999999,-0.1944579999999999,0.3503123791204072,0
-0.213736,-0.448075,-0.232415,0.5481523652653522,1
-0.2902490000000002,-0.313234,0.154883,0.4542562761767856,0
-0.0109919999999998,-0.665872,-0.5973139999999999,0.8945894919145876,0
0.1888399999999999,-0.396767,0.0897,0.4484759613279178,1
-0.0679639999999999,-0.334203,-0.356857,0.4936169253115213,0
-0.2871830000000001,-0.677292,0.2255619999999999,0.7694652328708557,1
0.0146860000000001,-0.520467,0.611011,0.8027677240684257,0
0.1560420000000002,0.08353,-0.1270019999999999,0.2178436932022592,1
-0.0810140000000001,-0.470153,0.331053,0.5806920013346145,1
-0.0571089999999998,-0.675854,0.503002,0.8444235188582799,0
-0.2085580000000001,-0.2083729999999999,0.3286229999999999,0.4414847931945108,0
-0.110503,-0.530498,0.3633510000000001,0.652428532648596,1
-0.5122089999999999,-0.671064,0.0031379999999999,0.8442125317839103,0
0.085763,-0.17806,0.1867969999999999,0.2719444336220177,1
-0.142023,-0.182559,0.151534,0.2765155947971109,1
-0.6279500000000002,-0.945296,1.080621,1.5670505657945442,0
-0.1710560000000001,-0.1284259999999999,-0.038162,0.2172780036174854,1
0.0755300000000001,-0.673929,0.590588,0.8992659582598465,0
0.2265849999999998,-0.401028,-0.415446,0.6202899305365193,0
-0.214874,-0.1619899999999999,-0.102901,0.2880975733618733,0
0.3326420000000001,-0.6697500000000001,-0.485793,0.891745816650126,0
-0.173459,-0.179334,0.00701,0.2495953692218668,1
-0.2037199999999996,-0.376875,-0.325732,0.5381802113130878,0
-0.147896,-0.377582,0.321158,0.5172850804962386,0
-0.2818939999999998,-0.1683070000000001,0.6639649999999999,0.7407030408402546,0
0.0076469999999999,0.084253,0.179639,0.1985628740197925,1
0.2535180000000001,-0.413618,0.22323,0.5340251484228061,0
-0.1722459999999999,-0.675886,0.3225140000000001,0.7684437843512042,1
-0.0092889999999998,-0.588125,0.386004,0.703545584281502,1
-0.0989409999999999,-0.432937,-0.1916319999999999,0.4836802568577716,1
0.054669,-0.6429910000000001,-0.3246369999999999,0.7223678477140301,1
-0.5013049999999999,-0.675394,0.088442,0.8457456743164578,0
-0.196137,-0.441356,-0.098854,0.4929877836427593,1
0.209184,-0.4216479999999999,-0.021953,0.4711973216912422,1
0.126017,0.0882429999999999,0.11502,0.1920851679281875,1
-0.4440140000000001,-0.5641269999999999,-0.3298,0.790035280430564,0
-0.1849959999999999,-0.43365,0.03987,0.4731442268653397,1
0.4017550000000001,-0.5860810000000001,0.26231,0.7574328714057769,0
-0.336703,-0.457522,0.153727,0.5884957784232611,0
-0.31304,-0.3876499999999999,-0.0955139999999999,0.5073356761514017,0
-0.2059549999999999,-0.134463,-0.1684299999999999,0.2981047220256665,0
-0.1553499999999998,-0.313138,0.185809,0.3958712088861729,0
-0.2189269999999998,-0.442279,0.0986799999999998,0.5032668154865766,1
0.2289369999999997,-0.416172,0.253116,0.538218350680279,0
-0.2127970000000001,-0.1609699999999999,-0.180624,0.3222094559211446,0
-0.310206,-0.678696,0.132195,0.757846647335066,1
-0.1231740000000001,-0.3823219999999999,-0.221641,0.45876647528018,0
-0.497286,-0.664854,-0.171592,0.8478018763697094,0
-0.4886169999999999,-0.677252,0.183425,0.8550213885149307,0
0.2982420000000001,-0.354054,-0.235121,0.519215186720304,0
-0.2016359999999997,-0.335301,-0.000266,0.3912593869199816,1
-0.2862869999999997,-0.461503,0.1100999999999999,0.55413651330516,1
0.0753909999999999,0.094549,-0.123563,0.1728905181061125,1
0.249876,-0.3615299999999999,0.0233559999999999,0.4400993740190957,0
-0.1442320000000001,-0.141357,0.046395,0.2072128550500669,1
0.1859820000000001,-0.197608,-0.0174659999999999,0.2719251498923923,1
0.2296979999999999,-0.6090720000000001,-0.242672,0.6947082639295433,1
0.2677800000000001,-0.388484,0.3131339999999999,0.5662851301349877,0
-0.3792550000000001,-0.0503649999999999,0.7986040000000001,0.8855164239391612,0
-0.4648700000000003,-0.673178,0.0705399999999999,0.8211264386097918,0
0.074505,-0.2325469999999999,0.184075,0.3057984758938474,1
0.1303309999999999,-0.123384,-0.0495670000000001,0.1861898721896548,1
0.1558929999999998,-0.123398,0.120069,0.2322633389366474,0
-0.3980589999999999,-0.565706,0.0213339999999999,0.6920472422262804,0
-0.0121959999999998,-0.272696,0.3517429999999999,0.4452358800467454,0
-0.1273300000000001,-0.572253,-0.34631,0.6808942950333774,0
0.3502100000000001,-0.34245,-0.2087149999999999,0.5324293359921108,0
-0.0564459999999999,-0.676845,0.5035599999999999,0.8455045703844539,0
-0.2633100000000001,-0.616524,0.2680569999999999,0.7220031536807855,1
-0.2775309999999997,-0.318672,0.181303,0.4598326623392469,0
-0.1406409999999995,-0.283193,0.1329469999999999,0.3430059342620764,1
-0.0971670000000002,0.088843,-0.1192009999999998,0.17760456902625,1
0.018107,-0.5730010000000001,-0.404788,0.7017915177558077,0
-0.1859869999999999,-0.436834,-0.001083,0.4747802445489912,1
0.0019929999999999,0.082531,0.1788299999999999,0.1969657506014687,1
-0.366311,-0.610789,-0.015907,0.7123903311324489,1
-0.3472900000000001,-0.678282,-0.2439229999999999,0.8001095209738477,0
0.111399,-0.573178,-0.397659,0.7064527140339968,0
0.3453529999999998,-0.577599,-0.089822,0.6789383558866002,0
-0.247004,-0.435315,-0.0236239999999999,0.5010670799573647,1
-0.0185329999999996,-0.438515,0.247926,0.5040894551466039,1
-0.0465889999999999,-0.672682,0.3866969999999999,0.7773070036053966,0
-0.1303869999999998,-0.558956,0.3716359999999999,0.6837732783613293,1
-0.3724289999999999,-0.413913,-0.173875,0.5833179640941979,0
-0.07016,-0.674222,-0.3898089999999999,0.7819519086011619,0
0.0253899999999998,-0.436619,0.331943,0.5490600682165842,0
0.1594819999999999,-0.097508,-0.053216,0.1943560162279521,1
0.0797160000000001,-0.1724719999999999,-0.157415,0.2467401744041696,1
0.03125,-0.325793,0.411091,0.5254649861123003,0
0.3939400000000002,-0.301795,0.0689219999999999,0.5010181510773838,0
-0.1688689999999999,-0.1959969999999999,0.0966659999999999,0.2761808804497515,1
-0.0922139999999998,-0.462171,0.320444,0.5699033358149432,0
0.139167,-0.681289,0.3314119999999999,0.7702960918724695,1
-0.0490210000000002,-0.670054,0.373891,0.768875738489647,1
0.1933269999999995,-0.15808,0.0054439999999999,0.2497884153939086,0
0.041741,-0.679069,0.569254,0.8870891355202136,0
-0.2604639999999998,-0.339945,-0.223349,0.4829998696914937,0
-0.2788240000000002,-0.3364279999999999,0.107945,0.4500874861457493,0
-0.4945550000000001,-0.4822729999999999,0.170286,0.7114557023104109,0
-0.1087890000000002,-0.460259,0.310782,0.5659141676314527,0
-0.134179,0.053891,-0.204384,0.250361864863641,0
-0.3702229999999997,-0.679194,-0.018464,0.7737638390755928,1
0.1105869999999999,-0.566275,0.308292,0.6541718562105833,1
-0.2539279999999997,-0.553272,0.484355,0.7779390086587765,0
0.3506689999999999,-0.580066,-0.0268599999999999,0.6783559327646511,1
0.0823710000000002,0.140291,0.173033,0.2375015061236455,0
0.404004,-0.3462539999999999,-0.1521139999999999,0.553398349769856,0
-0.1265489999999998,-0.4368669999999999,0.2439339999999999,0.5161116366116927,1
0.4307259999999999,-0.375253,-0.0390749999999999,0.5725963296337132,0
-0.2983370000000001,0.175404,0.170233,0.3856822566232468,0
-0.3625069999999999,-0.6796139999999999,0.0138169999999999,0.7703748591004251,1
0.1016289999999999,0.0843429999999999,0.258872,0.29061470656868,0
0.1405370000000001,-0.3406019999999999,-0.4347339999999999,0.569871934322967,0
0.3798780000000001,-0.6736310000000001,-0.0754119999999999,0.7770283062984258,1
-0.2214859999999996,-0.435416,0.062723,0.4925213863184013,1
0.0745210000000002,-0.416242,-0.3080779999999999,0.5231852789299409,0
-0.1811540000000002,-0.463458,0.296736,0.5793637399561696,1
0.0649630000000001,-0.435659,-0.1896409999999999,0.4795650785148977,1
0.8272030000000004,-0.0691389999999999,0.59267,1.0199523191943831,0
0.3219319999999999,-0.558584,-0.304513,0.7130108448326715,0
-0.1701549999999998,-0.0846359999999999,-0.1224359999999999,0.226067579756585,0
-0.3163549999999997,-0.596837,-0.197789,0.7038574991537703,1
0.2354730000000002,0.1101139999999999,-0.252404,0.3623263804099835,0
-0.104305,-0.533998,-0.446153,0.7036234052659135,0
-0.0441389999999999,0.136766,0.19127,0.2392433969350042,0
-1.035809,-0.0101749999999999,-0.065473,1.0379260709872355,0
-0.0558940000000001,-0.677014,0.503618,0.8456377388432945,0
0.0211420000000002,0.2100229999999999,0.0609639999999999,0.2197117520502715,0
0.1230290000000002,-0.438005,-0.170727,0.485934381779063,1
-0.08583,-0.1001909999999999,0.1104699999999999,0.1720716312498954,1
0.4587970000000001,-0.668537,-0.3946369999999999,0.9017620358758736,0
-0.029419,-0.676063,0.4910249999999999,0.8360814602387736,0
-0.2003509999999999,-0.439795,0.1050839999999999,0.4945733639026671,1
-0.2340799999999996,-0.605618,-0.296829,0.7139146052330068,1
0.3533590000000002,-0.395927,0.08458,0.5373774731136394,0
0.0277709999999999,-0.028476,0.241956,0.2452036234499808,0
-0.1070570000000001,0.079963,0.311986,0.3393973288256701,0
0.1937099999999998,-0.2864609999999999,0.004792,0.3458416283286324,0
-0.158757,-0.575467,-0.300765,0.668450176425289,1
0.1030709999999999,0.0826909999999999,0.18875,0.2304083223800737,0
0.071806,-0.358325,0.380881,0.5278477464402023,0
0.059695,-0.373886,-0.247598,0.4523925326804146,0
-0.2620230000000001,-0.679516,-0.294184,0.785456728687838,0
0.4273420000000003,-0.367884,-0.078281,0.5692870430468274,0
0.0448219999999999,-0.675753,0.459759,0.8185532766863743,0
0.297058,-0.324165,0.2235019999999998,0.4932337646522184,0
-0.1064750000000001,-0.538535,0.5804279999999999,0.7989077137154202,0
0.147958,-0.411449,0.319829,0.5417309651533684,0
-0.3319209999999999,-0.413407,-0.071449,0.5349596783786605,0
-0.2699139999999999,-0.097094,0.2769169999999999,0.3987026926432777,0
0.2835270000000003,-0.353512,0.242986,0.5141988818239497,0
-0.3176129999999997,-0.352035,-0.011279,0.474271941859309,0
-0.0028179999999999,0.066242,-0.26275,0.270986173425878,0
-0.3416079999999999,-0.42714,0.018033,0.5472383341406192,0
-0.1262560000000001,-0.679601,0.3051060000000001,0.7555711534812589,1
-1.032995,0.4246909999999999,0.073929,1.1193331106274844,0
-0.181988,-0.578016,-0.3086679999999999,0.6800721010481168,0
-0.0200209999999998,-0.1022989999999999,-0.1480239999999999,0.1810442775069125,1
-0.031978,-0.123031,-0.1174959999999999,0.1731026558461769,1
-0.1896409999999999,-0.4261749999999999,0.21691,0.514430546921545,0
0.0595670000000001,-0.663204,-0.586112,0.8870823240539741,0
-0.1002450000000001,-0.4469979999999999,0.2218439999999999,0.5089902085158416,1
-0.0694749999999997,-0.4094409999999999,-0.334039,0.532964127898867,0
-0.0876079999999999,-0.6453380000000001,0.3100469999999999,0.7212942798310549,1
-0.367413,-0.614339,-0.061207,0.7184365082169752,1
-0.4878400000000003,-0.329434,-0.3730679999999999,0.6969177559655086,0
0.056365,-0.35741,-0.224528,0.4258306519134103,0
0.428261,-0.37738,0.0395149999999999,0.572175308577712,0
0.2348020000000001,-0.307919,0.321849,0.5035204748230206,0
-0.8033129999999997,0.062842,-0.01671,0.8059405170563145,0
0.1549680000000002,-0.469085,0.5949949999999999,0.7733530036626224,0
-0.1683789999999998,0.0748539999999999,0.080433,0.2010573958997777,1
0.2028790000000002,-0.367651,-0.1179799999999999,0.4361724737325821,0
-0.3341039999999999,-0.677378,-0.5250569999999999,0.9198648221064876,0
-0.066348,-0.675702,0.3607530000000001,0.7688419713549723,1
-0.3228149999999998,-0.5452710000000001,0.42299,0.7618730391384118,0
0.278283,-0.678744,-0.318547,0.799754360309464,0
0.0017679999999997,-0.226333,-0.144917,0.2687576782196185,1
0.001373,-0.112276,-0.169398,0.2032325458901699,1
0.1031199999999998,-0.185041,-0.1660479999999999,0.2691576571175339,1
-0.958144,-0.0102309999999999,-0.031967,0.958731707614805,0
-0.316627,-0.377659,-0.0665169999999999,0.4972961780458402,0
-0.9762499999999998,-0.002519,-0.045324,0.977304800375502,0
-0.073547,-0.213337,-0.143676,0.2675156626330504,1
0.0923599999999997,0.079137,-0.307423,0.3306084319826098,0
0.150387,-0.313533,0.3366679999999999,0.4840088161201198,0
0.006534,-0.715593,-0.3544050000000001,0.7985730641775993,1
-0.171837,-0.1045869999999999,0.141652,0.2460318764753868,0
0.3275239999999999,-0.4207749999999999,-0.15496,0.5552802650923225,0
0.1029449999999996,-0.3552249999999999,0.392115,0.5390145145309168,0
-0.0126299999999999,-0.540338,0.5085709999999999,0.7421382170357486,0
-0.07058,-0.4614190000000001,0.342655,0.5790522247483384,0
0.599402,-0.6758040000000001,-0.0181,0.9035050713858778,0
-0.0742189999999998,-0.11709,0.144436,0.2002006147767783,0
-0.2630759999999998,-0.3243169999999999,0.208451,0.4667358114244073,0
0.5378860000000001,-0.672357,0.1007869999999999,0.8669159727528384,0
0.1266919999999998,-0.447281,-0.306652,0.5569080758338848,0
0.1796159999999997,-0.411734,-0.2617849999999999,0.519921321391035,0
-0.4064279999999999,-0.674786,-0.4284979999999999,0.8967331827160182,0
-0.021103,-0.1666599999999999,0.154688,0.2283621456218171,1
0.294257,-0.402536,0.1696209999999999,0.5266817796221929,0
0.1017930000000002,-0.4992799999999999,0.2352879999999999,0.5612510812399385,1
0.3500879999999999,-0.359831,0.101391,0.5121719351799745,0
-0.2274059999999997,-0.1146929999999999,0.0438149999999999,0.2584332163441841,0
0.1134669999999999,-0.681608,-0.6860749999999999,0.9737366848270634,0
-1.700002,0.0327619999999999,-0.298938,1.726396268674142,0
0.2140110000000001,-0.332366,0.320536,0.508931423055209,0
0.190312,-0.3260459999999999,-0.36151,0.5226988918679664,0
0.252348,-0.352336,-0.2533829999999999,0.5020190381738525,0
-0.314165,-0.54823,-0.4040149999999999,0.7499892668231992,0
-0.0646199999999996,-0.531175,0.596311,0.8011925072952193,0
-0.0867489999999999,0.0763659999999999,0.1570299999999999,0.1949758340333487,1
0.1881219999999999,-0.4855989999999999,0.576912,0.7771896367225954,0
-0.020839,-0.412608,-0.3328069999999999,0.5305093070192077,0
-0.204063,-0.33826,0.3447939999999999,0.5243514451253091,0
0.3775239999999999,-0.675361,0.098739,0.7799911800898776,1
0.0286530000000002,-0.533841,-0.4314019999999999,0.6869606199004423,0
-0.1268659999999999,0.093612,-0.0171899999999999,0.1585991317756815,1
-0.020901,0.1016489999999999,0.0548259999999999,0.1173680590194793,1
0.1579600000000001,-0.278501,0.199626,0.3773124812102033,0
-0.1118439999999998,0.067778,-0.135008,0.1879630221187135,1
0.3741609999999999,-0.5863079999999999,0.3507019999999999,0.7789386481546541,0
-0.2316679999999999,-0.1768309999999999,0.655333,0.7172172653206279,0
-0.406285,-0.501702,0.3362309999999999,0.7278898841102271,0
0.3837549999999998,-0.355264,-0.2519239999999999,0.5804705948598945,0
-0.056419,-0.676756,0.5034120000000001,0.8453433792495213,0
-0.1993749999999998,-0.445882,0.2498929999999999,0.5486416498936258,0
-0.3128769999999998,-0.4621139999999999,-0.149201,0.5776697192392898,1
0.3246379999999997,-0.673284,-0.0758449999999999,0.7513012975664289,0
0.1928559999999999,-0.1603339999999999,0.0034689999999999,0.2508235679775725,1
-0.2282039999999999,-0.677859,-0.275885,0.7666044760644175,1
0.2742080000000002,-0.317665,0.291617,0.511020111324398,0
0.1330720000000003,-0.313849,0.3837029999999999,0.5132614774108808,0
-0.277578,-0.678069,-0.2015719999999999,0.7599068272025197,1
-0.0404369999999998,-0.675222,0.4764089999999999,0.8273605233113313,0
-0.2125490000000001,-0.3568019999999999,0.3274049999999999,0.5288466494457538,0
-0.1772980000000004,-0.037908,0.0316029999999999,0.1840389819494776,0
0.0355530000000001,-0.316765,0.3084329999999999,0.4435481896288158,1
-0.3273960000000002,-0.4266679999999999,0.076197,0.5431755755269194,0
-0.1768420000000001,-0.374218,0.1218429999999999,0.4314602196460295,1
0.294635,-0.672596,0.330164,0.8051108180474288,0
0.1197629999999998,-0.462166,0.605854,0.7713622087197428,0
-0.153731,-0.269053,-0.036332,0.3119979990224296,1
-0.2061269999999999,-0.394071,-0.302443,0.5378215888368558,0
-0.0252210000000001,-0.497289,0.348,0.607483702136938,1
0.1104910000000001,-0.382725,-0.187417,0.4402406371463225,1
-0.2274470000000001,-0.680337,0.2861709999999999,0.7723240334335064,1
0.2229200000000002,-0.419771,0.3585090000000001,0.5953400053095711,0
0.4208930000000004,-0.357759,-0.1166819999999999,0.5645857850265098,0
0.0171319999999997,-0.163486,-0.1411029999999999,0.2166361794091651,1
-0.186366,-0.3200369999999999,0.1900839999999999,0.4162786258997691,0
-0.1739410000000001,-0.394328,-0.2514499999999999,0.4989760971880317,0
-0.275883,-0.48369,0.2205370000000001,0.5989190380660812,1
0.1626400000000001,-0.5988249999999999,-0.274378,0.6784736082626943,1
0.0330029999999998,-0.5875830000000001,-0.297052,0.6592289970882653,1
0.0790010000000001,-0.1126049999999999,-0.147328,0.2015603721221014,1
-0.360125,-0.41774,-0.188577,0.5828876462526891,0
-0.019735,0.0439749999999999,0.2270769999999999,0.2321362418473254,1
-0.5885039999999999,0.0189319999999999,-0.2303550000000001,0.6322648216254008,0
-0.0937009999999998,0.0352409999999999,0.6177590000000001,0.6258178549410364,0
0.171432,0.0889999999999999,-0.011068,0.1934746268842506,1
-1.0519659999999995,-0.656641,-2.286555,2.601181200159266,0
-0.1825449999999997,-0.672735,0.452227,0.8309057207523606,0
0.3642180000000001,-0.301771,0.1389599999999999,0.4929811046733942,0
0.1335049999999999,-0.382845,-0.217381,0.4600525820066659,0
0.0469329999999996,-0.324154,0.4118019999999999,0.5261743146610256,0
-0.3702700000000001,-0.4168889999999999,-0.1050799999999999,0.5673959090626227,0
-0.0379299999999998,-0.370711,-0.241772,0.4442060675013343,0
0.2478769999999999,-0.337059,0.089743,0.4279083811506851,1
0.118789,-0.123133,0.274842,0.3237447870993447,0
-0.3882470000000002,0.1903749999999999,0.0097259999999999,0.4325193275565846,0
-0.296497,-0.429814,0.1370769999999999,0.5398524331092711,0
0.3457319999999999,-0.671948,-0.0282499999999999,0.7562028782198598,0
0.4216579999999998,-0.4439979999999999,0.1734889999999999,0.6364182006267576,0
-0.0706099999999998,0.01465,-0.1834610000000001,0.1971251712009402,1
-0.100937,-0.068797,0.202258,0.2362828892281453,1
0.3469030000000002,-0.574032,0.411446,0.7868559203240452,0
0.1810019999999998,-0.170178,-0.0318549999999999,0.2504735848607592,0
0.129405,-0.436413,0.1628759999999999,0.4834568770531659,1
-0.3562959999999999,-0.568056,0.169659,0.691678129647743,0
-0.181662,-0.3236639999999999,-0.154872,0.402175090630934,1
-0.0994199999999998,-0.673672,0.475171,0.8303648470551966,0
-0.1722019999999999,-0.187883,-0.0862799999999999,0.2690683721528786,1
0.2263410000000001,-0.3123289999999999,0.28351,0.4787040553640632,0
-0.038359,-0.1790619999999999,-0.179609,0.2565034222110886,1
0.0353280000000002,-0.0486259999999999,-0.119757,0.1339936360764943,0
-0.0068919999999996,-0.2796729999999999,-0.290976,0.4036477662133162,0
0.14927,-0.080925,-0.1573709999999999,0.2315081427639209,0
0.0635339999999999,-0.32197,0.371099,0.4953945072939344,0
0.253589,-0.427684,0.010205,0.4973179333203258,1
-0.428739,-0.676902,0.3475029999999999,0.8733680683045378,0
-0.0755659999999998,-0.1037519999999999,-0.109649,0.1688123249676988,1
-0.2451220000000002,-0.541778,-0.431245,0.7345613971568341,0
-0.376163,-0.679409,-0.0680609999999999,0.7795687856571735,1
0.0736850000000002,-0.352637,0.371353,0.5173832076932919,0
0.0422019999999996,-0.6778420000000001,0.2402249999999999,0.7203879762968007,1
-0.1719649999999999,0.068246,0.005469,0.1850929164014657,1
0.011811,-0.676221,0.3586219999999999,0.765522095988091,1
-0.3065609999999998,-0.395511,-0.127498,0.5163955246184846,0
0.3506640000000001,-0.6758149999999999,0.0236799999999999,0.7617426714586758,1
0.1101740000000002,-0.357913,-0.3071029999999999,0.4843059760667836,0
0.3579179999999997,-0.38091,-0.1456379999999999,0.5425939088010479,0
-0.298784,-0.678965,-0.0991079999999999,0.748390102516729,1
-0.3078350000000003,-0.678081,-0.216795,0.775600607149711,1
0.1001609999999999,-0.412992,-0.2975690000000001,0.5187889048023291,0
-0.1659329999999999,-0.372395,0.213982,0.4604346781444681,0
-0.1813069999999998,-0.2712460000000001,0.185344,0.3752319537312887,0
-0.1604039999999997,-0.53547,-0.444229,0.7140006782608822,0
-0.2592340000000002,-0.679048,0.23831,0.7649183676445481,1
-0.2228759999999998,-0.433676,-0.086974,0.4952908852664259,1
0.155289,-0.1510869999999999,-0.0812279999999999,0.2313869984981869,1
0.0634719999999999,-0.56612,0.387636,0.689044423589655,1
0.1756519999999999,-0.6741159999999999,0.2759850000000001,0.7493021598694347,1
-0.129251,-0.458281,0.297601,0.5615101523240698,0
-0.3115679999999998,-0.327293,0.0440149999999999,0.4540183329976884,0
0.1059160000000001,-0.534065,-0.4132639999999999,0.6835427982043261,0
-0.2861620000000001,-0.6751769999999999,-0.1417129999999999,0.7468836897014153,1
0.397945,-0.33612,0.0990969999999999,0.5302424849387307,0
0.1240019999999999,-0.194075,-0.152896,0.2764394842366046,1
-0.0560959999999999,-0.676745,0.503669,0.8454661541433814,0
-0.550475,-0.530098,-0.083578,0.7687729816486789,0
-0.2816689999999999,-0.54545,-0.419336,0.7434351410560305,0
0.357075,-0.335362,0.1588719999999999,0.5149859600542523,0
0.170309,-0.4486459999999999,0.391105,0.6190731053938622,0
-1.002796,-0.0068009999999999,-0.0541639999999999,1.0042807426775644,0
-0.3523139999999999,-0.414568,0.0123759999999999,0.5441920126168703,0
-0.3154759999999998,-0.428232,0.106797,0.5425065452222673,0
-0.001989,-0.595732,0.4005309999999999,0.7178618626908662,0
-0.2167449999999999,-0.404675,-0.575076,0.7358346665019256,0
0.239217,-0.6764880000000001,0.2347599999999999,0.754965591820581,1
-0.344227,-0.426782,0.003877,0.5483157249085604,0
-0.17964,-0.0338709999999999,0.001174,0.1828090602705457,0
-0.1192990000000002,-0.123395,0.140476,0.2217928853728182,0
-0.6987700000000001,0.051497,-0.092712,0.7067722185067833,0
-0.312112,-0.6756220000000001,-5.999999999994898e-05,0.7442304690269004,1
-0.8174859999999997,-0.699045,-0.660573,1.2622614469871127,0
-0.0032419999999999,-0.1017559999999999,0.152303,0.183196609982281,1
0.3828690000000001,-0.67496,-0.009877,0.7760523357931475,1
0.3277079999999999,-0.3223099999999999,0.213561,0.5068378143795113,0
0.3404910000000001,-0.5571510000000001,0.081781,0.6580573606024023,1
0.3333009999999996,-0.677929,-0.2689749999999999,0.8018882941326676,0
0.0326379999999999,0.071519,0.1843179999999999,0.2003829621724361,1
0.0943550000000001,-0.075419,0.3219999999999999,0.3439111681611982,0
0.3181020000000001,-0.669748,-0.1207779999999999,0.7512247274897174,1
-0.2820260000000001,-0.358555,0.0565709999999999,0.4596744834575877,0
0.3341320000000003,-0.580388,0.146148,0.6854587236821779,0
-0.2825489999999999,-0.431204,0.15654,0.5387723068393548,0
-0.0706519999999999,-0.464448,0.338214,0.5788716261866702,0
0.349421,-0.672413,-0.113238,0.7661965299151386,0
-0.3050930000000003,-0.6098250000000001,0.132699,0.6946778345931302,1
-0.1996009999999999,-0.2035969999999999,-0.044164,0.2885182082746251,1
0.293493,-0.443007,-0.089965,0.5389685003068362,1
0.394727,-0.587474,0.290516,0.7650716642648584,0
-0.126217,-0.110124,0.062377,0.1787425987111074,1
0.1153219999999999,0.05944,-0.1680399999999999,0.2122962997416582,1
0.209362,-0.3514069999999999,0.1092929999999999,0.4233961343021449,1
-0.3089849999999998,-0.677091,-0.0342799999999999,0.7450497103589799,1
-0.1642109999999998,-0.67405,-0.350707,0.7773699601026528,0
-0.1508039999999999,0.072547,-0.0654429999999999,0.1796877844317748,1
0.406584,-0.5850489999999999,0.2360049999999999,0.7505273089515131,0
-0.2561,-0.678782,-0.23281,0.7619269713194303,1
-0.1304600000000002,-0.398431,-0.329391,0.5331655505019056,0
0.3813900000000001,-0.299745,0.1057269999999999,0.4964711428210103,0
0.2755210000000001,-0.578121,0.2185289999999999,0.6766761676924938,1
0.3463500000000001,-0.3385129999999999,0.249629,0.5448522839357471,0
0.13511,-0.0584989999999999,0.16835,0.2236483123142225,1
0.1750319999999998,-0.165746,0.337256,0.4145474002764943,0
0.0402060000000004,-0.086276,-0.202067,0.2233632536945144,0
-0.2852719999999999,-0.678285,0.1854809999999999,0.7588503518942321,1
-0.6254490000000001,0.034427,-0.175464,0.6505069447945965,0
-0.4170509999999998,-0.6805300000000001,-0.169842,0.8160263001061914,0
-0.0811980000000001,-0.67576,0.5527310000000001,0.8767874606568002,0
0.2256849999999999,-0.375337,-0.105318,0.4504480701679162,0
0.0758019999999999,-0.6749839999999999,-0.3378519999999999,0.758612758503309,1
0.4524830000000002,-0.349258,-0.146726,0.5901275581846692,0
0.2271239999999998,-0.349058,-0.264684,0.4934414034067266,0
0.1751550000000001,-0.23735,0.143348,0.3279679033518373,0
-0.2474910000000001,-0.439786,0.202305,0.5436826591882438,0
-0.0562659999999999,-0.6767150000000001,0.5033439999999999,0.8452598631882386,0
0.0862279999999999,0.1164009999999999,0.1660009999999999,0.2203197512389662,1
-0.1594470000000001,0.135782,0.116785,0.2397891439535995,0
-0.177921,-0.437402,0.109939,0.4848329357273493,1
0.0803420000000003,-0.322349,0.352134,0.4841095627241834,0
-0.3175369999999997,-0.430959,-0.156084,0.5575998754537163,0
-0.021287,-0.1464539999999999,-0.1602449999999999,0.2181292518439468,1
0.3090439999999999,-0.674743,0.1877510000000001,0.7655303703877462,1
0.0196010000000002,-0.117679,0.181198,0.2169452959757367,0
-0.0564900000000001,-0.676661,0.5037459999999999,0.845471029389535,0
0.0351490000000001,-0.0423589999999999,0.2879360000000001,0.2931499226982672,0
0.195413,-0.318131,-0.150445,0.402526113134291,1
-0.0315239999999996,-0.370095,-0.236144,0.440145499053438,0
-0.0180909999999996,-0.675369,0.3608659999999999,0.7659470219264515,1
0.2529689999999998,-0.3101609999999999,0.307591,0.5047825117444144,0
-0.3762810000000001,-0.4163559999999999,-0.1240519999999999,0.5747422103874049,0
0.2210900000000002,-0.502319,0.555094,0.78059881802178,0
0.3855539999999999,-0.5875440000000001,0.319723,0.7720638805053635,0
-0.7490299999999999,0.057256,-0.050309,0.7528978588872463,0
0.4037249999999996,-0.439422,0.021183,0.5971049231064837,0
0.0456719999999997,-0.400451,-0.310512,0.5087874184067448,0
0.182584,-0.190506,0.241978,0.3580262638075593,0
-0.1841840000000001,-0.0677289999999999,-0.140799,0.2415270620406749,0
-0.0226570000000001,-0.5254110000000001,0.608088,0.8039534030738349,0
-0.0723069999999999,-0.459048,0.343053,0.5776146893578799,0
0.0660579999999999,-0.6783669999999999,0.5830270000000001,0.896920246611704,0
0.066108,-0.337618,-0.227204,0.4122836877733584,1
-0.1965339999999997,-0.292745,-0.170827,0.3917998367916964,0
0.4353880000000001,-0.4989149999999999,0.0297249999999999,0.6628442225696775,0
-0.2828060000000001,-0.6315280000000001,-0.159155,0.7100261702536043,1
0.2668339999999998,-0.543846,-0.349033,0.699137247156093,0
0.0778829999999999,-0.3745279999999999,0.3741179999999999,0.5350712685213064,0
0.0672540000000001,-0.2348079999999999,0.304023,0.3899844636764393,1
-0.056996,-0.676848,0.503384,0.8454390637863856,0
-0.2924889999999999,-0.402316,-0.442453,0.6657121271135145,0
-0.0413019999999999,-0.4782769999999999,0.3698869999999999,0.6060289899848026,0
0.367791,-0.344417,0.218339,0.5491495319956122,0
0.133809,-0.673558,0.4216809999999998,0.8058536427950177,0
-0.1443270000000001,-0.545612,0.563478,0.7975150117439798,0
-0.3035260000000001,-0.592384,0.1358979999999999,0.6793490285089102,1
0.191284,-0.33568,0.199009,0.4345977601610482,0
0.008534,-0.1704879999999999,0.156397,0.2315145976153555,1
0.161232,-0.67828,-0.571756,0.901645406886765,0
-0.1825049999999999,-0.384838,-0.316359,0.5305576105853163,0
0.0860399999999999,-0.6756989999999999,0.4440469999999998,0.8131111599344826,0
0.3144249999999999,-0.605262,-0.1004089999999999,0.6894107168807284,1
-0.2868769999999999,-0.4684959999999999,-0.076641,0.5546717570112976,1
0.4374279999999999,-0.671363,0.2162869999999999,0.8299708424529141,0
-0.184018,-0.0383029999999999,-0.0615429999999999,0.1977809014591651,0
0.3358059999999998,-0.67133,-0.196663,0.7759677661507595,0
0.4067240000000001,-0.311766,-0.0021149999999999,0.5124713886228187,0
0.4322780000000001,-0.378617,2.4000000000024e-05,0.5746434568921848,0
-0.4021790000000003,-0.243854,-0.3329069999999999,0.5762289406182235,0
-0.0144229999999998,-0.3337839999999999,0.401742,0.5225097282816847,0
0.0894209999999997,-0.3054929999999999,0.345041,0.4694415618274546,0
0.439476,-0.526438,0.053154,0.6878237202481461,0
0.3577650000000001,-0.3806819999999999,-0.0175009999999999,0.5227053331945256,0
0.01241,-0.6784600000000001,0.560089,0.8798645734549153,0
-0.1147120000000001,-0.675049,-0.638894,0.9365017557810555,0
-0.1467689999999999,-0.350217,-0.1438060000000001,0.4060458743615061,1
0.154296,-0.311963,0.373922,0.5108285730741772,0
0.317172,-0.454152,-0.076786,0.5592389529387236,1
0.403718,-0.413801,0.025992,0.5787011968097181,0
0.3914580000000001,-0.3409429999999999,-0.090887,0.5270122785875108,0
-0.3112509999999999,-0.409564,-0.070571,0.519230316081409,0
-0.4771120000000001,-0.677076,-0.250522,0.8653490872497642,0
0.1443940000000001,-0.341091,0.38408,0.5335823684465221,0
0.119374,-0.46913,-0.243353,0.5418060459103424,1
0.1709109999999998,-0.1932979999999999,0.259768,0.3661339926160912,0
0.3590719999999998,-0.594569,-0.287278,0.751647288446516,0
0.0054320000000003,-0.3447599999999999,-0.345175,0.4878880454048859,0
0.4377870000000001,-0.543454,0.079416,0.7023578920614477,0
-0.2516210000000001,0.2326549999999999,-0.06262,0.3483715560518683,0
0.1806999999999998,-0.450744,-0.203697,0.5266071698571906,1
-0.021732,-0.675869,0.3742259999999999,0.7728623965888106,1
0.3027959999999998,-0.4086569999999999,-0.2210049999999999,0.5545531275630856,0
-0.2812169999999999,-0.429616,0.2368099999999999,0.565448392556739,0
-0.207583,-0.53833,-0.438277,0.7245527030644493,0
-0.5393439999999998,-0.5389980000000001,-0.1151669999999999,0.7711512382334608,0
0.3212090000000001,0.099511,0.0591779999999999,0.3414376904883233,0
-0.2891780000000001,-0.5522980000000001,0.453549,0.7709498634081209,0
-0.3791950000000001,-0.412121,-0.158076,0.581911151673518,0
0.572659,-0.674777,0.040444,0.885944720141161,0
-0.2540710000000001,-0.477332,-0.23152,0.5882171551944061,1
-0.057226,-0.676925,0.503854,0.8457961480268162,0
-0.213803,-0.2742869999999999,-0.035676,0.3495967078706549,1
0.13145,0.0815799999999999,0.140379,0.2089034766130042,1
0.4013270000000002,-0.3543929999999999,0.1535429999999999,0.5569858276715846,0
0.2646989999999998,-0.460343,0.1193559999999999,0.5442674829401439,1
2.25218,-0.5929399999999999,1.049849,2.5546184683433646,0
0.2283179999999998,-0.32788,0.3519879999999999,0.5324753099139902,0
-0.1472600000000001,-0.672614,0.463155,0.8298238696380095,0
-0.3107359999999999,-0.676766,0.1064249999999999,0.7522601684769704,1
0.1418789999999998,-0.356222,-0.297235,0.4851519443947432,0
0.2589989999999997,-0.4161479999999999,-0.2212049999999999,0.5377650899138022,0
-0.1825099999999999,-0.431402,0.146073,0.4906678174009378,1
0.4350749999999999,-0.354102,-0.1999159999999999,0.5955206873694648,0
-0.0415449999999997,-0.5333730000000001,-0.4424249999999999,0.6942280783568179,0
-0.302847,-0.674672,0.15075,0.7547345066266681,1
-0.2249629999999998,-0.443896,0.2278819999999999,0.547341041864211,0
0.0944069999999999,-0.169772,0.177693,0.263267954529221,1
0.1361480000000003,-0.387549,0.269341,0.4911975972925765,0
-0.0272939999999999,-0.6754939999999999,0.384429,0.7777035183879522,1
0.3219020000000001,-0.334078,0.279877,0.541811907230729,0
0.0385520000000001,-0.6781469999999999,-0.404337,0.7904796138307426,0
-0.0597069999999999,-0.1711629999999999,0.149353,0.2348787283408184,1
-0.5053899999999998,-0.567465,-0.1973589999999999,0.7851026386441455,0
-0.103299,-0.6000500000000001,-0.3450719999999999,0.6998609655388704,1
-0.3369940000000002,-0.569126,0.211842,0.6945116218437242,0
0.1945279999999998,-0.538691,-0.2557549999999999,0.6272477630809057,1
-0.3802109999999996,-0.414543,-0.141286,0.5799724451782169,0
0.031041,-0.1207389999999999,-0.160749,0.2034249021211513,1
0.3698060000000001,-0.562191,0.0486469999999999,0.6746715710077015,1
0.410946,-0.3612869999999999,0.117591,0.5596718275614737,0
0.08854,-0.3604319999999999,0.391675,0.539592312629637,0
-0.1569990000000003,-0.433832,0.196585,0.5015022955580564,1
-0.1814550000000001,-0.0340009999999999,-0.03161,0.1872996986810177,0
0.0608459999999997,-0.321218,0.4109229999999999,0.5251104180731896,0
0.238145,-0.1622019999999999,-0.0235729999999999,0.2890989729452528,1
-0.3074559999999997,-0.429265,0.12111,0.5417243434266175,0
-0.3199350000000001,-0.67458,0.495313,0.8959640330917308,0
-0.181254,-0.450157,0.24107,0.5418570679293572,0
-0.0798200000000002,-0.6738500000000001,0.478281,0.8301793600548018,0
0.498008,-0.440523,-0.3011440000000001,0.7299042336697329,0
0.347474,-0.6775310000000001,-0.0655529999999999,0.7642536440515022,1
0.1996330000000004,-0.347698,-0.277017,0.48732499646745,0
-0.1396119999999998,-0.6744829999999999,0.54883,0.8807004012335863,0
0.3466310000000003,-0.3061779999999999,0.174853,0.4944406834535365,0
-0.1885210000000001,-0.3427429999999999,0.312227,0.5004983826337505,0
